Scheme Name,Date,NAV
Omega FlexiCap Fund,2019-01-01,119.5807
Omega FlexiCap Fund,2019-01-02,119.9947
Omega FlexiCap Fund,2019-01-03,120.1229
Omega FlexiCap Fund,2019-01-04,119.5354
Omega FlexiCap Fund,2019-01-05,119.3189
Omega FlexiCap Fund,2019-01-06,119.9945
Omega FlexiCap Fund,2019-01-07,119.0388
Omega FlexiCap Fund,2019-01-08,118.8823
Omega FlexiCap Fund,2019-01-09,119.4036
Omega FlexiCap Fund,2019-01-10,119.0719
Omega FlexiCap Fund,2019-01-11,118.8154
Omega FlexiCap Fund,2019-01-12,118.7925
Omega FlexiCap Fund,2019-01-13,119.4041
Omega FlexiCap Fund,2019-01-14,119.1635
Omega FlexiCap Fund,2019-01-15,119.0009
Omega FlexiCap Fund,2019-01-16,118.8422
Omega FlexiCap Fund,2019-01-17,119.7395
Omega FlexiCap Fund,2019-01-18,120.6292
Omega FlexiCap Fund,2019-01-19,121.0459
Omega FlexiCap Fund,2019-01-20,121.2153
Omega FlexiCap Fund,2019-01-21,121.5253
Omega FlexiCap Fund,2019-01-22,122.1366
Omega FlexiCap Fund,2019-01-23,121.7772
Omega FlexiCap Fund,2019-01-24,122.2626
Omega FlexiCap Fund,2019-01-25,121.776
Omega FlexiCap Fund,2019-01-26,121.5359
Omega FlexiCap Fund,2019-01-27,121.9138
Omega FlexiCap Fund,2019-01-28,121.3573
Omega FlexiCap Fund,2019-01-29,121.3163
Omega FlexiCap Fund,2019-01-30,120.9866
Omega FlexiCap Fund,2019-01-31,120.8993
Omega FlexiCap Fund,2019-02-01,119.7949
Omega FlexiCap Fund,2019-02-02,119.1013
Omega FlexiCap Fund,2019-02-03,118.8363
Omega FlexiCap Fund,2019-02-04,119.2223
Omega FlexiCap Fund,2019-02-05,119.1679
Omega FlexiCap Fund,2019-02-06,119.184
Omega FlexiCap Fund,2019-02-07,119.4743
Omega FlexiCap Fund,2019-02-08,119.1375
Omega FlexiCap Fund,2019-02-09,119.2659
Omega FlexiCap Fund,2019-02-10,118.9588
Omega FlexiCap Fund,2019-02-11,118.2827
Omega FlexiCap Fund,2019-02-12,118.1413
Omega FlexiCap Fund,2019-02-13,118.3859
Omega FlexiCap Fund,2019-02-14,118.5363
Omega FlexiCap Fund,2019-02-15,118.5466
Omega FlexiCap Fund,2019-02-16,119.5185
Omega FlexiCap Fund,2019-02-17,119.6987
Omega FlexiCap Fund,2019-02-18,120.1052
Omega FlexiCap Fund,2019-02-19,121.0154
Omega FlexiCap Fund,2019-02-20,120.5128
Omega FlexiCap Fund,2019-02-21,120.1123
Omega FlexiCap Fund,2019-02-22,120.8248
Omega FlexiCap Fund,2019-02-23,120.5205
Omega FlexiCap Fund,2019-02-24,120.5474
Omega FlexiCap Fund,2019-02-25,120.9901
Omega FlexiCap Fund,2019-02-26,121.3614
Omega FlexiCap Fund,2019-02-27,122.0784
Omega FlexiCap Fund,2019-02-28,122.6916
Omega FlexiCap Fund,2019-03-01,123.1344
Omega FlexiCap Fund,2019-03-02,122.8403
Omega FlexiCap Fund,2019-03-03,123.1733
Omega FlexiCap Fund,2019-03-04,123.314
Omega FlexiCap Fund,2019-03-05,122.7985
Omega FlexiCap Fund,2019-03-06,123.3804
Omega FlexiCap Fund,2019-03-07,123.7183
Omega FlexiCap Fund,2019-03-08,123.7515
Omega FlexiCap Fund,2019-03-09,123.6732
Omega FlexiCap Fund,2019-03-10,123.2089
Omega FlexiCap Fund,2019-03-11,123.3037
Omega FlexiCap Fund,2019-03-12,123.5061
Omega FlexiCap Fund,2019-03-13,123.1886
Omega FlexiCap Fund,2019-03-14,123.6685
Omega FlexiCap Fund,2019-03-15,123.2446
Omega FlexiCap Fund,2019-03-16,122.4104
Omega FlexiCap Fund,2019-03-17,122.8413
Omega FlexiCap Fund,2019-03-18,122.6949
Omega FlexiCap Fund,2019-03-19,122.6595
Omega FlexiCap Fund,2019-03-20,122.3395
Omega FlexiCap Fund,2019-03-21,121.7121
Omega FlexiCap Fund,2019-03-22,122.2292
Omega FlexiCap Fund,2019-03-23,121.9687
Omega FlexiCap Fund,2019-03-24,122.6481
Omega FlexiCap Fund,2019-03-25,122.986
Omega FlexiCap Fund,2019-03-26,122.8751
Omega FlexiCap Fund,2019-03-27,122.4557
Omega FlexiCap Fund,2019-03-28,122.1777
Omega FlexiCap Fund,2019-03-29,121.7077
Omega FlexiCap Fund,2019-03-30,122.5576
Omega FlexiCap Fund,2019-03-31,122.6383
Omega FlexiCap Fund,2019-04-01,123.1134
Omega FlexiCap Fund,2019-04-02,122.6215
Omega FlexiCap Fund,2019-04-03,122.7089
Omega FlexiCap Fund,2019-04-04,123.195
Omega FlexiCap Fund,2019-04-05,123.076
Omega FlexiCap Fund,2019-04-06,123.5035
Omega FlexiCap Fund,2019-04-07,123.0847
Omega FlexiCap Fund,2019-04-08,122.5543
Omega FlexiCap Fund,2019-04-09,122.721
Omega FlexiCap Fund,2019-04-10,122.5844
Omega FlexiCap Fund,2019-04-11,122.8562
Omega FlexiCap Fund,2019-04-12,122.08
Omega FlexiCap Fund,2019-04-13,122.3799
Omega FlexiCap Fund,2019-04-14,123.4343
Omega FlexiCap Fund,2019-04-15,123.4394
Omega FlexiCap Fund,2019-04-16,123.4681
Omega FlexiCap Fund,2019-04-17,123.5549
Omega FlexiCap Fund,2019-04-18,122.8251
Omega FlexiCap Fund,2019-04-19,123.0106
Omega FlexiCap Fund,2019-04-20,122.3834
Omega FlexiCap Fund,2019-04-21,122.2273
Omega FlexiCap Fund,2019-04-22,122.7395
Omega FlexiCap Fund,2019-04-23,122.4604
Omega FlexiCap Fund,2019-04-24,122.6759
Omega FlexiCap Fund,2019-04-25,123.096
Omega FlexiCap Fund,2019-04-26,123.2225
Omega FlexiCap Fund,2019-04-27,122.6891
Omega FlexiCap Fund,2019-04-28,122.5711
Omega FlexiCap Fund,2019-04-29,123.3699
Omega FlexiCap Fund,2019-04-30,122.5748
Omega FlexiCap Fund,2019-05-01,122.4795
Omega FlexiCap Fund,2019-05-02,122.2737
Omega FlexiCap Fund,2019-05-03,122.337
Omega FlexiCap Fund,2019-05-04,122.6513
Omega FlexiCap Fund,2019-05-05,123.3097
Omega FlexiCap Fund,2019-05-06,123.2167
Omega FlexiCap Fund,2019-05-07,123.5566
Omega FlexiCap Fund,2019-05-08,123.7715
Omega FlexiCap Fund,2019-05-09,123.9762
Omega FlexiCap Fund,2019-05-10,123.7657
Omega FlexiCap Fund,2019-05-11,123.3817
Omega FlexiCap Fund,2019-05-12,122.9567
Omega FlexiCap Fund,2019-05-13,122.6691
Omega FlexiCap Fund,2019-05-14,122.8128
Omega FlexiCap Fund,2019-05-15,123.1322
Omega FlexiCap Fund,2019-05-16,123.2766
Omega FlexiCap Fund,2019-05-17,123.072
Omega FlexiCap Fund,2019-05-18,123.8094
Omega FlexiCap Fund,2019-05-19,124.4319
Omega FlexiCap Fund,2019-05-20,124.3053
Omega FlexiCap Fund,2019-05-21,123.991
Omega FlexiCap Fund,2019-05-22,124.058
Omega FlexiCap Fund,2019-05-23,124.58
Omega FlexiCap Fund,2019-05-24,124.7281
Omega FlexiCap Fund,2019-05-25,124.9657
Omega FlexiCap Fund,2019-05-26,124.8959
Omega FlexiCap Fund,2019-05-27,125.0934
Omega FlexiCap Fund,2019-05-28,125.7262
Omega FlexiCap Fund,2019-05-29,125.6453
Omega FlexiCap Fund,2019-05-30,125.7176
Omega FlexiCap Fund,2019-05-31,125.8342
Omega FlexiCap Fund,2019-06-01,125.9627
Omega FlexiCap Fund,2019-06-02,125.4129
Omega FlexiCap Fund,2019-06-03,124.6772
Omega FlexiCap Fund,2019-06-04,124.2843
Omega FlexiCap Fund,2019-06-05,124.3665
Omega FlexiCap Fund,2019-06-06,124.603
Omega FlexiCap Fund,2019-06-07,124.4057
Omega FlexiCap Fund,2019-06-08,124.9716
Omega FlexiCap Fund,2019-06-09,124.9294
Omega FlexiCap Fund,2019-06-10,124.9525
Omega FlexiCap Fund,2019-06-11,124.8899
Omega FlexiCap Fund,2019-06-12,124.9585
Omega FlexiCap Fund,2019-06-13,125.2553
Omega FlexiCap Fund,2019-06-14,125.5366
Omega FlexiCap Fund,2019-06-15,125.1922
Omega FlexiCap Fund,2019-06-16,125.8167
Omega FlexiCap Fund,2019-06-17,125.3937
Omega FlexiCap Fund,2019-06-18,125.4404
Omega FlexiCap Fund,2019-06-19,125.3456
Omega FlexiCap Fund,2019-06-20,124.941
Omega FlexiCap Fund,2019-06-21,124.9259
Omega FlexiCap Fund,2019-06-22,124.6446
Omega FlexiCap Fund,2019-06-23,124.6888
Omega FlexiCap Fund,2019-06-24,124.865
Omega FlexiCap Fund,2019-06-25,125.4688
Omega FlexiCap Fund,2019-06-26,125.6067
Omega FlexiCap Fund,2019-06-27,125.3773
Omega FlexiCap Fund,2019-06-28,125.2356
Omega FlexiCap Fund,2019-06-29,125.3066
Omega FlexiCap Fund,2019-06-30,125.359
Omega FlexiCap Fund,2019-07-01,125.9578
Omega FlexiCap Fund,2019-07-02,126.531
Omega FlexiCap Fund,2019-07-03,126.4024
Omega FlexiCap Fund,2019-07-04,126.1979
Omega FlexiCap Fund,2019-07-05,125.1901
Omega FlexiCap Fund,2019-07-06,124.9855
Omega FlexiCap Fund,2019-07-07,124.6093
Omega FlexiCap Fund,2019-07-08,124.4824
Omega FlexiCap Fund,2019-07-09,124.654
Omega FlexiCap Fund,2019-07-10,124.7399
Omega FlexiCap Fund,2019-07-11,124.7429
Omega FlexiCap Fund,2019-07-12,124.8377
Omega FlexiCap Fund,2019-07-13,124.8023
Omega FlexiCap Fund,2019-07-14,124.8961
Omega FlexiCap Fund,2019-07-15,123.6187
Omega FlexiCap Fund,2019-07-16,123.526
Omega FlexiCap Fund,2019-07-17,123.4966
Omega FlexiCap Fund,2019-07-18,123.3751
Omega FlexiCap Fund,2019-07-19,123.3029
Omega FlexiCap Fund,2019-07-20,123.5993
Omega FlexiCap Fund,2019-07-21,123.375
Omega FlexiCap Fund,2019-07-22,124.2703
Omega FlexiCap Fund,2019-07-23,124.5606
Omega FlexiCap Fund,2019-07-24,124.5731
Omega FlexiCap Fund,2019-07-25,124.5054
Omega FlexiCap Fund,2019-07-26,124.4858
Omega FlexiCap Fund,2019-07-27,124.1347
Omega FlexiCap Fund,2019-07-28,124.1116
Omega FlexiCap Fund,2019-07-29,124.2381
Omega FlexiCap Fund,2019-07-30,124.4849
Omega FlexiCap Fund,2019-07-31,124.7318
Omega FlexiCap Fund,2019-08-01,124.6368
Omega FlexiCap Fund,2019-08-02,124.0854
Omega FlexiCap Fund,2019-08-03,123.8328
Omega FlexiCap Fund,2019-08-04,124.4926
Omega FlexiCap Fund,2019-08-05,124.8661
Omega FlexiCap Fund,2019-08-06,125.0289
Omega FlexiCap Fund,2019-08-07,124.7394
Omega FlexiCap Fund,2019-08-08,124.7559
Omega FlexiCap Fund,2019-08-09,124.2686
Omega FlexiCap Fund,2019-08-10,124.0628
Omega FlexiCap Fund,2019-08-11,123.9797
Omega FlexiCap Fund,2019-08-12,123.8501
Omega FlexiCap Fund,2019-08-13,124.2477
Omega FlexiCap Fund,2019-08-14,123.6952
Omega FlexiCap Fund,2019-08-15,123.364
Omega FlexiCap Fund,2019-08-16,122.8292
Omega FlexiCap Fund,2019-08-17,122.3492
Omega FlexiCap Fund,2019-08-18,122.4139
Omega FlexiCap Fund,2019-08-19,121.7887
Omega FlexiCap Fund,2019-08-20,122.1052
Omega FlexiCap Fund,2019-08-21,122.0215
Omega FlexiCap Fund,2019-08-22,122.064
Omega FlexiCap Fund,2019-08-23,122.208
Omega FlexiCap Fund,2019-08-24,122.0494
Omega FlexiCap Fund,2019-08-25,122.4774
Omega FlexiCap Fund,2019-08-26,122.4146
Omega FlexiCap Fund,2019-08-27,122.6673
Omega FlexiCap Fund,2019-08-28,122.6026
Omega FlexiCap Fund,2019-08-29,122.734
Omega FlexiCap Fund,2019-08-30,122.8608
Omega FlexiCap Fund,2019-08-31,122.9758
Omega FlexiCap Fund,2019-09-01,122.6011
Omega FlexiCap Fund,2019-09-02,122.7904
Omega FlexiCap Fund,2019-09-03,122.6779
Omega FlexiCap Fund,2019-09-04,122.9451
Omega FlexiCap Fund,2019-09-05,122.0991
Omega FlexiCap Fund,2019-09-06,121.528
Omega FlexiCap Fund,2019-09-07,121.6884
Omega FlexiCap Fund,2019-09-08,122.4486
Omega FlexiCap Fund,2019-09-09,122.7976
Omega FlexiCap Fund,2019-09-10,122.5396
Omega FlexiCap Fund,2019-09-11,121.8778
Omega FlexiCap Fund,2019-09-12,122.1899
Omega FlexiCap Fund,2019-09-13,122.1726
Omega FlexiCap Fund,2019-09-14,122.4239
Omega FlexiCap Fund,2019-09-15,122.485
Omega FlexiCap Fund,2019-09-16,122.5119
Omega FlexiCap Fund,2019-09-17,123.7103
Omega FlexiCap Fund,2019-09-18,123.7229
Omega FlexiCap Fund,2019-09-19,123.6742
Omega FlexiCap Fund,2019-09-20,123.6406
Omega FlexiCap Fund,2019-09-21,123.4222
Omega FlexiCap Fund,2019-09-22,123.8332
Omega FlexiCap Fund,2019-09-23,123.7067
Omega FlexiCap Fund,2019-09-24,123.9761
Omega FlexiCap Fund,2019-09-25,124.105
Omega FlexiCap Fund,2019-09-26,124.6076
Omega FlexiCap Fund,2019-09-27,124.7906
Omega FlexiCap Fund,2019-09-28,124.3203
Omega FlexiCap Fund,2019-09-29,123.8047
Omega FlexiCap Fund,2019-09-30,124.383
Omega FlexiCap Fund,2019-10-01,124.1545
Omega FlexiCap Fund,2019-10-02,123.6413
Omega FlexiCap Fund,2019-10-03,123.3885
Omega FlexiCap Fund,2019-10-04,123.9093
Omega FlexiCap Fund,2019-10-05,123.3562
Omega FlexiCap Fund,2019-10-06,123.0246
Omega FlexiCap Fund,2019-10-07,122.7729
Omega FlexiCap Fund,2019-10-08,122.2874
Omega FlexiCap Fund,2019-10-09,121.8287
Omega FlexiCap Fund,2019-10-10,121.2364
Omega FlexiCap Fund,2019-10-11,121.067
Omega FlexiCap Fund,2019-10-12,120.94
Omega FlexiCap Fund,2019-10-13,120.682
Omega FlexiCap Fund,2019-10-14,120.0355
Omega FlexiCap Fund,2019-10-15,120.5518
Omega FlexiCap Fund,2019-10-16,120.0352
Omega FlexiCap Fund,2019-10-17,120.1614
Omega FlexiCap Fund,2019-10-18,119.7465
Omega FlexiCap Fund,2019-10-19,120.0289
Omega FlexiCap Fund,2019-10-20,120.4262
Omega FlexiCap Fund,2019-10-21,120.0901
Omega FlexiCap Fund,2019-10-22,119.3357
Omega FlexiCap Fund,2019-10-23,119.629
Omega FlexiCap Fund,2019-10-24,120.3943
Omega FlexiCap Fund,2019-10-25,120.5756
Omega FlexiCap Fund,2019-10-26,120.6548
Omega FlexiCap Fund,2019-10-27,120.9977
Omega FlexiCap Fund,2019-10-28,121.3187
Omega FlexiCap Fund,2019-10-29,121.0021
Omega FlexiCap Fund,2019-10-30,120.7535
Omega FlexiCap Fund,2019-10-31,121.0129
Omega FlexiCap Fund,2019-11-01,120.9703
Omega FlexiCap Fund,2019-11-02,121.5119
Omega FlexiCap Fund,2019-11-03,121.2452
Omega FlexiCap Fund,2019-11-04,121.5604
Omega FlexiCap Fund,2019-11-05,121.7125
Omega FlexiCap Fund,2019-11-06,121.6769
Omega FlexiCap Fund,2019-11-07,122.1623
Omega FlexiCap Fund,2019-11-08,122.4493
Omega FlexiCap Fund,2019-11-09,122.0623
Omega FlexiCap Fund,2019-11-10,122.3334
Omega FlexiCap Fund,2019-11-11,122.8984
Omega FlexiCap Fund,2019-11-12,122.8612
Omega FlexiCap Fund,2019-11-13,122.7768
Omega FlexiCap Fund,2019-11-14,122.5239
Omega FlexiCap Fund,2019-11-15,122.5335
Omega FlexiCap Fund,2019-11-16,122.823
Omega FlexiCap Fund,2019-11-17,122.5109
Omega FlexiCap Fund,2019-11-18,121.9873
Omega FlexiCap Fund,2019-11-19,121.852
Omega FlexiCap Fund,2019-11-20,121.3152
Omega FlexiCap Fund,2019-11-21,121.5394
Omega FlexiCap Fund,2019-11-22,121.3838
Omega FlexiCap Fund,2019-11-23,120.6966
Omega FlexiCap Fund,2019-11-24,120.5722
Omega FlexiCap Fund,2019-11-25,120.5101
Omega FlexiCap Fund,2019-11-26,120.7048
Omega FlexiCap Fund,2019-11-27,120.6616
Omega FlexiCap Fund,2019-11-28,121.4241
Omega FlexiCap Fund,2019-11-29,121.2316
Omega FlexiCap Fund,2019-11-30,121.2217
Omega FlexiCap Fund,2019-12-01,121.1955
Omega FlexiCap Fund,2019-12-02,121.0975
Omega FlexiCap Fund,2019-12-03,121.1694
Omega FlexiCap Fund,2019-12-04,121.4009
Omega FlexiCap Fund,2019-12-05,121.952
Omega FlexiCap Fund,2019-12-06,121.3393
Omega FlexiCap Fund,2019-12-07,121.1501
Omega FlexiCap Fund,2019-12-08,120.986
Omega FlexiCap Fund,2019-12-09,121.3762
Omega FlexiCap Fund,2019-12-10,121.2485
Omega FlexiCap Fund,2019-12-11,120.5054
Omega FlexiCap Fund,2019-12-12,120.5555
Omega FlexiCap Fund,2019-12-13,120.557
Omega FlexiCap Fund,2019-12-14,120.6439
Omega FlexiCap Fund,2019-12-15,120.2429
Omega FlexiCap Fund,2019-12-16,120.9455
Omega FlexiCap Fund,2019-12-17,120.8309
Omega FlexiCap Fund,2019-12-18,120.7706
Omega FlexiCap Fund,2019-12-19,120.4256
Omega FlexiCap Fund,2019-12-20,120.0682
Omega FlexiCap Fund,2019-12-21,119.5941
Omega FlexiCap Fund,2019-12-22,119.4518
Omega FlexiCap Fund,2019-12-23,119.0838
Omega FlexiCap Fund,2019-12-24,119.9214
Omega FlexiCap Fund,2019-12-25,119.181
Omega FlexiCap Fund,2019-12-26,118.7446
Omega FlexiCap Fund,2019-12-27,118.5991
Omega FlexiCap Fund,2019-12-28,118.8835
Omega FlexiCap Fund,2019-12-29,118.733
Omega FlexiCap Fund,2019-12-30,119.0183
Omega FlexiCap Fund,2019-12-31,118.6386
Omega FlexiCap Fund,2020-01-01,118.6773
Omega FlexiCap Fund,2020-01-02,119.3899
Omega FlexiCap Fund,2020-01-03,119.0179
Omega FlexiCap Fund,2020-01-04,119.2007
Omega FlexiCap Fund,2020-01-05,119.2984
Omega FlexiCap Fund,2020-01-06,118.4128
Omega FlexiCap Fund,2020-01-07,118.1922
Omega FlexiCap Fund,2020-01-08,118.6597
Omega FlexiCap Fund,2020-01-09,118.7287
Omega FlexiCap Fund,2020-01-10,118.2588
Omega FlexiCap Fund,2020-01-11,118.5501
Omega FlexiCap Fund,2020-01-12,118.3735
Omega FlexiCap Fund,2020-01-13,118.5325
Omega FlexiCap Fund,2020-01-14,118.6983
Omega FlexiCap Fund,2020-01-15,118.2658
Omega FlexiCap Fund,2020-01-16,118.5967
Omega FlexiCap Fund,2020-01-17,118.2087
Omega FlexiCap Fund,2020-01-18,117.7014
Omega FlexiCap Fund,2020-01-19,117.3633
Omega FlexiCap Fund,2020-01-20,117.2398
Omega FlexiCap Fund,2020-01-21,117.2986
Omega FlexiCap Fund,2020-01-22,117.0046
Omega FlexiCap Fund,2020-01-23,117.3175
Omega FlexiCap Fund,2020-01-24,117.4331
Omega FlexiCap Fund,2020-01-25,117.1702
Omega FlexiCap Fund,2020-01-26,117.5408
Omega FlexiCap Fund,2020-01-27,118.0202
Omega FlexiCap Fund,2020-01-28,117.9957
Omega FlexiCap Fund,2020-01-29,117.9247
Omega FlexiCap Fund,2020-01-30,117.2302
Omega FlexiCap Fund,2020-01-31,117.0822
Omega FlexiCap Fund,2020-02-01,116.9806
Omega FlexiCap Fund,2020-02-02,117.0938
Omega FlexiCap Fund,2020-02-03,117.0414
Omega FlexiCap Fund,2020-02-04,117.154
Omega FlexiCap Fund,2020-02-05,117.7826
Omega FlexiCap Fund,2020-02-06,117.5857
Omega FlexiCap Fund,2020-02-07,117.4043
Omega FlexiCap Fund,2020-02-08,116.8956
Omega FlexiCap Fund,2020-02-09,116.9072
Omega FlexiCap Fund,2020-02-10,117.3129
Omega FlexiCap Fund,2020-02-11,116.6275
Omega FlexiCap Fund,2020-02-12,116.3761
Omega FlexiCap Fund,2020-02-13,116.4055
Omega FlexiCap Fund,2020-02-14,116.7605
Omega FlexiCap Fund,2020-02-15,116.9287
Omega FlexiCap Fund,2020-02-16,117.0739
Omega FlexiCap Fund,2020-02-17,116.9991
Omega FlexiCap Fund,2020-02-18,117.2069
Omega FlexiCap Fund,2020-02-19,117.6276
Omega FlexiCap Fund,2020-02-20,116.959
Omega FlexiCap Fund,2020-02-21,117.2654
Omega FlexiCap Fund,2020-02-22,117.2409
Omega FlexiCap Fund,2020-02-23,117.0439
Omega FlexiCap Fund,2020-02-24,116.0817
Omega FlexiCap Fund,2020-02-25,115.5446
Omega FlexiCap Fund,2020-02-26,116.2388
Omega FlexiCap Fund,2020-02-27,115.9784
Omega FlexiCap Fund,2020-02-28,115.5595
Omega FlexiCap Fund,2020-02-29,115.3919
Omega FlexiCap Fund,2020-03-01,115.1088
Omega FlexiCap Fund,2020-03-02,115.1736
Omega FlexiCap Fund,2020-03-03,115.7954
Omega FlexiCap Fund,2020-03-04,115.5757
Omega FlexiCap Fund,2020-03-05,115.6524
Omega FlexiCap Fund,2020-03-06,115.2085
Omega FlexiCap Fund,2020-03-07,115.8316
Omega FlexiCap Fund,2020-03-08,115.9222
Omega FlexiCap Fund,2020-03-09,115.5045
Omega FlexiCap Fund,2020-03-10,115.8812
Omega FlexiCap Fund,2020-03-11,116.3762
Omega FlexiCap Fund,2020-03-12,116.4558
Omega FlexiCap Fund,2020-03-13,115.815
Omega FlexiCap Fund,2020-03-14,116.5441
Omega FlexiCap Fund,2020-03-15,116.6831
Theta Corporate Bond Fund,2019-01-01,120.4832
Theta Corporate Bond Fund,2019-01-02,120.2778
Theta Corporate Bond Fund,2019-01-03,120.1334
Theta Corporate Bond Fund,2019-01-04,120.1926
Theta Corporate Bond Fund,2019-01-05,120.6529
Theta Corporate Bond Fund,2019-01-06,120.7251
Theta Corporate Bond Fund,2019-01-07,120.2374
Theta Corporate Bond Fund,2019-01-08,120.3572
Theta Corporate Bond Fund,2019-01-09,121.024
Theta Corporate Bond Fund,2019-01-10,121.0653
Theta Corporate Bond Fund,2019-01-11,121.1321
Theta Corporate Bond Fund,2019-01-12,120.642
Theta Corporate Bond Fund,2019-01-13,120.0959
Theta Corporate Bond Fund,2019-01-14,119.8558
Theta Corporate Bond Fund,2019-01-15,119.7402
Theta Corporate Bond Fund,2019-01-16,119.7968
Theta Corporate Bond Fund,2019-01-17,119.8782
Theta Corporate Bond Fund,2019-01-18,120.5339
Theta Corporate Bond Fund,2019-01-19,120.5724
Theta Corporate Bond Fund,2019-01-20,121.0132
Theta Corporate Bond Fund,2019-01-21,121.0125
Theta Corporate Bond Fund,2019-01-22,121.607
Theta Corporate Bond Fund,2019-01-23,120.8739
Theta Corporate Bond Fund,2019-01-24,120.6494
Theta Corporate Bond Fund,2019-01-25,121.0576
Theta Corporate Bond Fund,2019-01-26,121.0039
Theta Corporate Bond Fund,2019-01-27,121.3915
Theta Corporate Bond Fund,2019-01-28,121.5606
Theta Corporate Bond Fund,2019-01-29,121.9539
Theta Corporate Bond Fund,2019-01-30,122.2142
Theta Corporate Bond Fund,2019-01-31,122.4986
Theta Corporate Bond Fund,2019-02-01,123.1106
Theta Corporate Bond Fund,2019-02-02,123.5202
Theta Corporate Bond Fund,2019-02-03,123.9327
Theta Corporate Bond Fund,2019-02-04,123.9559
Theta Corporate Bond Fund,2019-02-05,123.7381
Theta Corporate Bond Fund,2019-02-06,123.4893
Theta Corporate Bond Fund,2019-02-07,123.8047
Theta Corporate Bond Fund,2019-02-08,122.8443
Theta Corporate Bond Fund,2019-02-09,122.3364
Theta Corporate Bond Fund,2019-02-10,121.9661
Theta Corporate Bond Fund,2019-02-11,121.8821
Theta Corporate Bond Fund,2019-02-12,120.8445
Theta Corporate Bond Fund,2019-02-13,121.363
Theta Corporate Bond Fund,2019-02-14,121.6181
Theta Corporate Bond Fund,2019-02-15,122.4269
Theta Corporate Bond Fund,2019-02-16,122.8668
Theta Corporate Bond Fund,2019-02-17,123.2939
Theta Corporate Bond Fund,2019-02-18,124.2092
Theta Corporate Bond Fund,2019-02-19,123.9958
Theta Corporate Bond Fund,2019-02-20,123.4094
Theta Corporate Bond Fund,2019-02-21,123.3315
Theta Corporate Bond Fund,2019-02-22,123.0165
Theta Corporate Bond Fund,2019-02-23,122.9288
Theta Corporate Bond Fund,2019-02-24,122.5237
Theta Corporate Bond Fund,2019-02-25,122.7658
Theta Corporate Bond Fund,2019-02-26,122.986
Theta Corporate Bond Fund,2019-02-27,122.9902
Theta Corporate Bond Fund,2019-02-28,123.1299
Theta Corporate Bond Fund,2019-03-01,123.0881
Theta Corporate Bond Fund,2019-03-02,123.4039
Theta Corporate Bond Fund,2019-03-03,123.4467
Theta Corporate Bond Fund,2019-03-04,123.3556
Theta Corporate Bond Fund,2019-03-05,123.7424
Theta Corporate Bond Fund,2019-03-06,124.2617
Theta Corporate Bond Fund,2019-03-07,124.8117
Theta Corporate Bond Fund,2019-03-08,124.4306
Theta Corporate Bond Fund,2019-03-09,124.2318
Theta Corporate Bond Fund,2019-03-10,123.5662
Theta Corporate Bond Fund,2019-03-11,123.4858
Theta Corporate Bond Fund,2019-03-12,123.6672
Theta Corporate Bond Fund,2019-03-13,123.6291
Theta Corporate Bond Fund,2019-03-14,124.4165
Theta Corporate Bond Fund,2019-03-15,124.2691
Theta Corporate Bond Fund,2019-03-16,123.8487
Theta Corporate Bond Fund,2019-03-17,124.0911
Theta Corporate Bond Fund,2019-03-18,124.1661
Theta Corporate Bond Fund,2019-03-19,124.4009
Theta Corporate Bond Fund,2019-03-20,124.5375
Theta Corporate Bond Fund,2019-03-21,124.65
Theta Corporate Bond Fund,2019-03-22,123.816
Theta Corporate Bond Fund,2019-03-23,123.5406
Theta Corporate Bond Fund,2019-03-24,123.3195
Theta Corporate Bond Fund,2019-03-25,123.1953
Theta Corporate Bond Fund,2019-03-26,123.0309
Theta Corporate Bond Fund,2019-03-27,123.2111
Theta Corporate Bond Fund,2019-03-28,123.4664
Theta Corporate Bond Fund,2019-03-29,123.0288
Theta Corporate Bond Fund,2019-03-30,123.3185
Theta Corporate Bond Fund,2019-03-31,123.5678
Theta Corporate Bond Fund,2019-04-01,123.7691
Theta Corporate Bond Fund,2019-04-02,123.2169
Theta Corporate Bond Fund,2019-04-03,123.4082
Theta Corporate Bond Fund,2019-04-04,123.4562
Theta Corporate Bond Fund,2019-04-05,123.8556
Theta Corporate Bond Fund,2019-04-06,124.5843
Theta Corporate Bond Fund,2019-04-07,125.2345
Theta Corporate Bond Fund,2019-04-08,125.2946
Theta Corporate Bond Fund,2019-04-09,125.3088
Theta Corporate Bond Fund,2019-04-10,125.5766
Theta Corporate Bond Fund,2019-04-11,125.1456
Theta Corporate Bond Fund,2019-04-12,124.5803
Theta Corporate Bond Fund,2019-04-13,124.4063
Theta Corporate Bond Fund,2019-04-14,124.9095
Theta Corporate Bond Fund,2019-04-15,124.7921
Theta Corporate Bond Fund,2019-04-16,125.4081
Theta Corporate Bond Fund,2019-04-17,124.3079
Theta Corporate Bond Fund,2019-04-18,123.688
Theta Corporate Bond Fund,2019-04-19,123.6535
Theta Corporate Bond Fund,2019-04-20,124.0238
Theta Corporate Bond Fund,2019-04-21,124.0109
Theta Corporate Bond Fund,2019-04-22,123.9877
Theta Corporate Bond Fund,2019-04-23,123.954
Theta Corporate Bond Fund,2019-04-24,123.2638
Theta Corporate Bond Fund,2019-04-25,123.7421
Theta Corporate Bond Fund,2019-04-26,123.4839
Theta Corporate Bond Fund,2019-04-27,123.9348
Theta Corporate Bond Fund,2019-04-28,123.9216
Theta Corporate Bond Fund,2019-04-29,124.3638
Theta Corporate Bond Fund,2019-04-30,124.5161
Theta Corporate Bond Fund,2019-05-01,124.4885
Theta Corporate Bond Fund,2019-05-02,124.594
Theta Corporate Bond Fund,2019-05-03,124.0198
Theta Corporate Bond Fund,2019-05-04,124.0372
Theta Corporate Bond Fund,2019-05-05,124.7386
Theta Corporate Bond Fund,2019-05-06,125.2769
Theta Corporate Bond Fund,2019-05-07,124.8979
Theta Corporate Bond Fund,2019-05-08,125.1151
Theta Corporate Bond Fund,2019-05-09,125.2293
Theta Corporate Bond Fund,2019-05-10,125.5712
Theta Corporate Bond Fund,2019-05-11,125.6239
Theta Corporate Bond Fund,2019-05-12,125.5455
Theta Corporate Bond Fund,2019-05-13,126.0927
Theta Corporate Bond Fund,2019-05-14,126.1943
Theta Corporate Bond Fund,2019-05-15,126.7115
Theta Corporate Bond Fund,2019-05-16,127.1162
Theta Corporate Bond Fund,2019-05-17,127.0014
Theta Corporate Bond Fund,2019-05-18,126.9496
Theta Corporate Bond Fund,2019-05-19,127.7366
Theta Corporate Bond Fund,2019-05-20,127.8281
Theta Corporate Bond Fund,2019-05-21,127.5397
Theta Corporate Bond Fund,2019-05-22,127.0747
Theta Corporate Bond Fund,2019-05-23,127.4793
Theta Corporate Bond Fund,2019-05-24,127.5584
Theta Corporate Bond Fund,2019-05-25,127.2566
Theta Corporate Bond Fund,2019-05-26,127.5414
Theta Corporate Bond Fund,2019-05-27,127.6203
Theta Corporate Bond Fund,2019-05-28,126.9712
Theta Corporate Bond Fund,2019-05-29,127.2216
Theta Corporate Bond Fund,2019-05-30,127.7699
Theta Corporate Bond Fund,2019-05-31,128.8088
Theta Corporate Bond Fund,2019-06-01,128.8378
Theta Corporate Bond Fund,2019-06-02,128.9459
Theta Corporate Bond Fund,2019-06-03,129.6035
Theta Corporate Bond Fund,2019-06-04,129.686
Theta Corporate Bond Fund,2019-06-05,129.8111
Theta Corporate Bond Fund,2019-06-06,129.5739
Theta Corporate Bond Fund,2019-06-07,129.0311
Theta Corporate Bond Fund,2019-06-08,129.4112
Theta Corporate Bond Fund,2019-06-09,128.9168
Theta Corporate Bond Fund,2019-06-10,129.388
Theta Corporate Bond Fund,2019-06-11,129.0878
Theta Corporate Bond Fund,2019-06-12,129.2089
Theta Corporate Bond Fund,2019-06-13,129.075
Theta Corporate Bond Fund,2019-06-14,129.5598
Theta Corporate Bond Fund,2019-06-15,129.6951
Theta Corporate Bond Fund,2019-06-16,130.4938
Theta Corporate Bond Fund,2019-06-17,130.0753
Theta Corporate Bond Fund,2019-06-18,130.2558
Theta Corporate Bond Fund,2019-06-19,130.2898
Theta Corporate Bond Fund,2019-06-20,130.4168
Theta Corporate Bond Fund,2019-06-21,131.0701
Theta Corporate Bond Fund,2019-06-22,131.3193
Theta Corporate Bond Fund,2019-06-23,130.8752
Theta Corporate Bond Fund,2019-06-24,131.1037
Theta Corporate Bond Fund,2019-06-25,130.9524
Theta Corporate Bond Fund,2019-06-26,130.7781
Theta Corporate Bond Fund,2019-06-27,131.2114
Theta Corporate Bond Fund,2019-06-28,130.9855
Theta Corporate Bond Fund,2019-06-29,130.8486
Theta Corporate Bond Fund,2019-06-30,130.8765
Theta Corporate Bond Fund,2019-07-01,131.27
Theta Corporate Bond Fund,2019-07-02,131.5177
Theta Corporate Bond Fund,2019-07-03,131.4389
Theta Corporate Bond Fund,2019-07-04,131.345
Theta Corporate Bond Fund,2019-07-05,130.896
Theta Corporate Bond Fund,2019-07-06,130.607
Theta Corporate Bond Fund,2019-07-07,130.3603
Theta Corporate Bond Fund,2019-07-08,130.3156
Theta Corporate Bond Fund,2019-07-09,131.1253
Theta Corporate Bond Fund,2019-07-10,130.8701
Theta Corporate Bond Fund,2019-07-11,130.7667
Theta Corporate Bond Fund,2019-07-12,129.9608
Theta Corporate Bond Fund,2019-07-13,130.216
Theta Corporate Bond Fund,2019-07-14,129.6
Theta Corporate Bond Fund,2019-07-15,129.2524
Theta Corporate Bond Fund,2019-07-16,129.6843
Theta Corporate Bond Fund,2019-07-17,128.8574
Theta Corporate Bond Fund,2019-07-18,128.9107
Theta Corporate Bond Fund,2019-07-19,129.2461
Theta Corporate Bond Fund,2019-07-20,129.8713
Theta Corporate Bond Fund,2019-07-21,129.5182
Theta Corporate Bond Fund,2019-07-22,129.2836
Theta Corporate Bond Fund,2019-07-23,130.0204
Theta Corporate Bond Fund,2019-07-24,130.0254
Theta Corporate Bond Fund,2019-07-25,129.7459
Theta Corporate Bond Fund,2019-07-26,129.4739
Theta Corporate Bond Fund,2019-07-27,129.0999
Theta Corporate Bond Fund,2019-07-28,128.939
Theta Corporate Bond Fund,2019-07-29,129.3893
Theta Corporate Bond Fund,2019-07-30,129.7594
Theta Corporate Bond Fund,2019-07-31,129.3047
Theta Corporate Bond Fund,2019-08-01,129.4055
Theta Corporate Bond Fund,2019-08-02,129.2596
Theta Corporate Bond Fund,2019-08-03,129.5876
Theta Corporate Bond Fund,2019-08-04,129.5401
Theta Corporate Bond Fund,2019-08-05,129.7037
Theta Corporate Bond Fund,2019-08-06,129.6552
Theta Corporate Bond Fund,2019-08-07,128.7954
Theta Corporate Bond Fund,2019-08-08,128.8292
Theta Corporate Bond Fund,2019-08-09,128.3355
Theta Corporate Bond Fund,2019-08-10,128.6494
Theta Corporate Bond Fund,2019-08-11,128.3924
Theta Corporate Bond Fund,2019-08-12,128.1654
Theta Corporate Bond Fund,2019-08-13,128.1769
Theta Corporate Bond Fund,2019-08-14,128.423
Theta Corporate Bond Fund,2019-08-15,128.3701
Theta Corporate Bond Fund,2019-08-16,129.042
Theta Corporate Bond Fund,2019-08-17,129.7165
Theta Corporate Bond Fund,2019-08-18,130.4177
Theta Corporate Bond Fund,2019-08-19,130.339
Theta Corporate Bond Fund,2019-08-20,129.7612
Theta Corporate Bond Fund,2019-08-21,130.2642
Theta Corporate Bond Fund,2019-08-22,130.1127
Theta Corporate Bond Fund,2019-08-23,130.1429
Theta Corporate Bond Fund,2019-08-24,130.4093
Theta Corporate Bond Fund,2019-08-25,129.7825
Theta Corporate Bond Fund,2019-08-26,130.4491
Theta Corporate Bond Fund,2019-08-27,130.8141
Theta Corporate Bond Fund,2019-08-28,130.97
Theta Corporate Bond Fund,2019-08-29,131.3414
Theta Corporate Bond Fund,2019-08-30,131.5792
Theta Corporate Bond Fund,2019-08-31,131.6409
Theta Corporate Bond Fund,2019-09-01,131.5328
Theta Corporate Bond Fund,2019-09-02,131.2521
Theta Corporate Bond Fund,2019-09-03,131.382
Theta Corporate Bond Fund,2019-09-04,131.5415
Theta Corporate Bond Fund,2019-09-05,131.9898
Theta Corporate Bond Fund,2019-09-06,132.085
Theta Corporate Bond Fund,2019-09-07,131.7588
Theta Corporate Bond Fund,2019-09-08,131.1433
Theta Corporate Bond Fund,2019-09-09,131.1072
Theta Corporate Bond Fund,2019-09-10,131.1113
Theta Corporate Bond Fund,2019-09-11,131.087
Theta Corporate Bond Fund,2019-09-12,130.4898
Theta Corporate Bond Fund,2019-09-13,130.9346
Theta Corporate Bond Fund,2019-09-14,131.3787
Theta Corporate Bond Fund,2019-09-15,131.0643
Theta Corporate Bond Fund,2019-09-16,131.4017
Theta Corporate Bond Fund,2019-09-17,131.7979
Theta Corporate Bond Fund,2019-09-18,131.8283
Theta Corporate Bond Fund,2019-09-19,131.4639
Theta Corporate Bond Fund,2019-09-20,132.1242
Theta Corporate Bond Fund,2019-09-21,132.2916
Theta Corporate Bond Fund,2019-09-22,132.2062
Theta Corporate Bond Fund,2019-09-23,132.5303
Theta Corporate Bond Fund,2019-09-24,133.1942
Theta Corporate Bond Fund,2019-09-25,133.0103
Theta Corporate Bond Fund,2019-09-26,133.3019
Theta Corporate Bond Fund,2019-09-27,134.0941
Theta Corporate Bond Fund,2019-09-28,133.6625
Theta Corporate Bond Fund,2019-09-29,133.4578
Theta Corporate Bond Fund,2019-09-30,133.2337
Theta Corporate Bond Fund,2019-10-01,133.1853
Theta Corporate Bond Fund,2019-10-02,133.1164
Theta Corporate Bond Fund,2019-10-03,133.2517
Theta Corporate Bond Fund,2019-10-04,132.9385
Theta Corporate Bond Fund,2019-10-05,132.7045
Theta Corporate Bond Fund,2019-10-06,132.84
Theta Corporate Bond Fund,2019-10-07,132.9169
Theta Corporate Bond Fund,2019-10-08,133.2816
Theta Corporate Bond Fund,2019-10-09,133.4603
Theta Corporate Bond Fund,2019-10-10,133.7841
Theta Corporate Bond Fund,2019-10-11,133.3419
Theta Corporate Bond Fund,2019-10-12,133.2035
Theta Corporate Bond Fund,2019-10-13,133.9579
Theta Corporate Bond Fund,2019-10-14,134.1297
Theta Corporate Bond Fund,2019-10-15,134.4436
Theta Corporate Bond Fund,2019-10-16,134.5677
Theta Corporate Bond Fund,2019-10-17,134.7529
Theta Corporate Bond Fund,2019-10-18,134.6755
Theta Corporate Bond Fund,2019-10-19,136.1191
Theta Corporate Bond Fund,2019-10-20,135.9757
Theta Corporate Bond Fund,2019-10-21,135.9754
Theta Corporate Bond Fund,2019-10-22,135.0204
Theta Corporate Bond Fund,2019-10-23,135.4779
Theta Corporate Bond Fund,2019-10-24,135.272
Theta Corporate Bond Fund,2019-10-25,135.2627
Theta Corporate Bond Fund,2019-10-26,135.0665
Theta Corporate Bond Fund,2019-10-27,135.026
Theta Corporate Bond Fund,2019-10-28,134.9273
Theta Corporate Bond Fund,2019-10-29,134.9251
Theta Corporate Bond Fund,2019-10-30,134.919
Theta Corporate Bond Fund,2019-10-31,134.8723
Theta Corporate Bond Fund,2019-11-01,134.8201
Theta Corporate Bond Fund,2019-11-02,135.3586
Theta Corporate Bond Fund,2019-11-03,135.7261
Theta Corporate Bond Fund,2019-11-04,136.0961
Theta Corporate Bond Fund,2019-11-05,135.8181
Theta Corporate Bond Fund,2019-11-06,136.3358
Theta Corporate Bond Fund,2019-11-07,136.8035
Theta Corporate Bond Fund,2019-11-08,136.5971
Theta Corporate Bond Fund,2019-11-09,137.2217
Theta Corporate Bond Fund,2019-11-10,136.9634
Theta Corporate Bond Fund,2019-11-11,136.2416
Theta Corporate Bond Fund,2019-11-12,136.6972
Theta Corporate Bond Fund,2019-11-13,136.6644
Theta Corporate Bond Fund,2019-11-14,137.0702
Theta Corporate Bond Fund,2019-11-15,136.7835
Theta Corporate Bond Fund,2019-11-16,136.2938
Theta Corporate Bond Fund,2019-11-17,136.8015
Theta Corporate Bond Fund,2019-11-18,136.2536
Theta Corporate Bond Fund,2019-11-19,135.6442
Theta Corporate Bond Fund,2019-11-20,134.889
Theta Corporate Bond Fund,2019-11-21,133.7862
Theta Corporate Bond Fund,2019-11-22,133.3855
Theta Corporate Bond Fund,2019-11-23,132.5328
Theta Corporate Bond Fund,2019-11-24,132.5335
Theta Corporate Bond Fund,2019-11-25,131.654
Theta Corporate Bond Fund,2019-11-26,131.2312
Theta Corporate Bond Fund,2019-11-27,132.1791
Theta Corporate Bond Fund,2019-11-28,132.3321
Theta Corporate Bond Fund,2019-11-29,132.3682
Theta Corporate Bond Fund,2019-11-30,131.7349
Theta Corporate Bond Fund,2019-12-01,131.6517
Theta Corporate Bond Fund,2019-12-02,131.6859
Theta Corporate Bond Fund,2019-12-03,131.0589
Theta Corporate Bond Fund,2019-12-04,131.1243
Theta Corporate Bond Fund,2019-12-05,131.6158
Theta Corporate Bond Fund,2019-12-06,131.4915
Theta Corporate Bond Fund,2019-12-07,131.4276
Theta Corporate Bond Fund,2019-12-08,130.6258
Theta Corporate Bond Fund,2019-12-09,130.0811
Theta Corporate Bond Fund,2019-12-10,130.5192
Theta Corporate Bond Fund,2019-12-11,130.2696
Theta Corporate Bond Fund,2019-12-12,129.9127
Theta Corporate Bond Fund,2019-12-13,129.6507
Theta Corporate Bond Fund,2019-12-14,129.6427
Theta Corporate Bond Fund,2019-12-15,129.1943
Theta Corporate Bond Fund,2019-12-16,129.2599
Theta Corporate Bond Fund,2019-12-17,128.7309
Theta Corporate Bond Fund,2019-12-18,129.0555
Theta Corporate Bond Fund,2019-12-19,128.6477
Theta Corporate Bond Fund,2019-12-20,129.1908
Theta Corporate Bond Fund,2019-12-21,129.2018
Theta Corporate Bond Fund,2019-12-22,128.8785
Theta Corporate Bond Fund,2019-12-23,129.2581
Theta Corporate Bond Fund,2019-12-24,128.7233
Theta Corporate Bond Fund,2019-12-25,128.5195
Theta Corporate Bond Fund,2019-12-26,128.5344
Theta Corporate Bond Fund,2019-12-27,128.501
Theta Corporate Bond Fund,2019-12-28,127.7125
Theta Corporate Bond Fund,2019-12-29,127.3593
Theta Corporate Bond Fund,2019-12-30,127.4416
Theta Corporate Bond Fund,2019-12-31,126.9286
Theta Corporate Bond Fund,2020-01-01,127.4502
Theta Corporate Bond Fund,2020-01-02,127.6633
Theta Corporate Bond Fund,2020-01-03,127.4726
Theta Corporate Bond Fund,2020-01-04,127.3995
Theta Corporate Bond Fund,2020-01-05,128.1591
Theta Corporate Bond Fund,2020-01-06,128.5485
Theta Corporate Bond Fund,2020-01-07,128.7156
Theta Corporate Bond Fund,2020-01-08,128.1644
Theta Corporate Bond Fund,2020-01-09,128.8312
Theta Corporate Bond Fund,2020-01-10,129.2672
Theta Corporate Bond Fund,2020-01-11,129.2228
Theta Corporate Bond Fund,2020-01-12,129.0179
Theta Corporate Bond Fund,2020-01-13,128.9578
Theta Corporate Bond Fund,2020-01-14,128.492
Theta Corporate Bond Fund,2020-01-15,128.3187
Theta Corporate Bond Fund,2020-01-16,128.6389
Theta Corporate Bond Fund,2020-01-17,127.9309
Theta Corporate Bond Fund,2020-01-18,127.8203
Theta Corporate Bond Fund,2020-01-19,127.8808
Theta Corporate Bond Fund,2020-01-20,127.9372
Theta Corporate Bond Fund,2020-01-21,127.4806
Theta Corporate Bond Fund,2020-01-22,127.0227
Theta Corporate Bond Fund,2020-01-23,127.4734
Theta Corporate Bond Fund,2020-01-24,126.9986
Theta Corporate Bond Fund,2020-01-25,127.4171
Theta Corporate Bond Fund,2020-01-26,127.2391
Theta Corporate Bond Fund,2020-01-27,127.686
Theta Corporate Bond Fund,2020-01-28,127.5326
Theta Corporate Bond Fund,2020-01-29,127.081
Theta Corporate Bond Fund,2020-01-30,127.4386
Theta Corporate Bond Fund,2020-01-31,127.4467
Theta Corporate Bond Fund,2020-02-01,128.0411
Theta Corporate Bond Fund,2020-02-02,128.413
Theta Corporate Bond Fund,2020-02-03,128.3362
Theta Corporate Bond Fund,2020-02-04,128.1714
Theta Corporate Bond Fund,2020-02-05,128.1957
Theta Corporate Bond Fund,2020-02-06,128.2868
Theta Corporate Bond Fund,2020-02-07,127.9491
Theta Corporate Bond Fund,2020-02-08,128.3009
Theta Corporate Bond Fund,2020-02-09,128.1569
Theta Corporate Bond Fund,2020-02-10,128.0027
Theta Corporate Bond Fund,2020-02-11,127.8014
Theta Corporate Bond Fund,2020-02-12,127.9088
Theta Corporate Bond Fund,2020-02-13,127.647
Theta Corporate Bond Fund,2020-02-14,127.716
Theta Corporate Bond Fund,2020-02-15,128.8376
Theta Corporate Bond Fund,2020-02-16,128.8312
Theta Corporate Bond Fund,2020-02-17,128.6726
Theta Corporate Bond Fund,2020-02-18,128.0205
Theta Corporate Bond Fund,2020-02-19,128.0556
Theta Corporate Bond Fund,2020-02-20,127.6269
Theta Corporate Bond Fund,2020-02-21,127.4917
Theta Corporate Bond Fund,2020-02-22,127.5673
Theta Corporate Bond Fund,2020-02-23,126.8899
Theta Corporate Bond Fund,2020-02-24,126.9679
Theta Corporate Bond Fund,2020-02-25,127.1047
Theta Corporate Bond Fund,2020-02-26,126.6009
Theta Corporate Bond Fund,2020-02-27,126.459
Theta Corporate Bond Fund,2020-02-28,125.7417
Theta Corporate Bond Fund,2020-02-29,126.3869
Theta Corporate Bond Fund,2020-03-01,126.5341
Theta Corporate Bond Fund,2020-03-02,126.4773
Theta Corporate Bond Fund,2020-03-03,126.4269
Theta Corporate Bond Fund,2020-03-04,126.8945
Theta Corporate Bond Fund,2020-03-05,126.8718
Theta Corporate Bond Fund,2020-03-06,127.0192
Theta Corporate Bond Fund,2020-03-07,127.6416
Theta Corporate Bond Fund,2020-03-08,127.5181
Theta Corporate Bond Fund,2020-03-09,127.0961
Theta Corporate Bond Fund,2020-03-10,126.7813
Theta Corporate Bond Fund,2020-03-11,127.3678
Theta Corporate Bond Fund,2020-03-12,127.4193
Theta Corporate Bond Fund,2020-03-13,127.2334
Theta Corporate Bond Fund,2020-03-14,127.6379
Theta Corporate Bond Fund,2020-03-15,128.052
Sigma MultiAsset Fund,2019-01-01,119.8247
Sigma MultiAsset Fund,2019-01-02,119.451
Sigma MultiAsset Fund,2019-01-03,118.8378
Sigma MultiAsset Fund,2019-01-04,118.1352
Sigma MultiAsset Fund,2019-01-05,118.0442
Sigma MultiAsset Fund,2019-01-06,117.7019
Sigma MultiAsset Fund,2019-01-07,118.4603
Sigma MultiAsset Fund,2019-01-08,118.4987
Sigma MultiAsset Fund,2019-01-09,117.7369
Sigma MultiAsset Fund,2019-01-10,118.3194
Sigma MultiAsset Fund,2019-01-11,118.399
Sigma MultiAsset Fund,2019-01-12,118.696
Sigma MultiAsset Fund,2019-01-13,118.9839
Sigma MultiAsset Fund,2019-01-14,119.1175
Sigma MultiAsset Fund,2019-01-15,119.3418
Sigma MultiAsset Fund,2019-01-16,119.4523
Sigma MultiAsset Fund,2019-01-17,119.0248
Sigma MultiAsset Fund,2019-01-18,119.1865
Sigma MultiAsset Fund,2019-01-19,119.611
Sigma MultiAsset Fund,2019-01-20,119.542
Sigma MultiAsset Fund,2019-01-21,119.7775
Sigma MultiAsset Fund,2019-01-22,119.9604
Sigma MultiAsset Fund,2019-01-23,120.7016
Sigma MultiAsset Fund,2019-01-24,120.6155
Sigma MultiAsset Fund,2019-01-25,120.5137
Sigma MultiAsset Fund,2019-01-26,120.4819
Sigma MultiAsset Fund,2019-01-27,120.456
Sigma MultiAsset Fund,2019-01-28,119.5619
Sigma MultiAsset Fund,2019-01-29,119.3199
Sigma MultiAsset Fund,2019-01-30,119.4548
Sigma MultiAsset Fund,2019-01-31,119.4665
Sigma MultiAsset Fund,2019-02-01,119.1618
Sigma MultiAsset Fund,2019-02-02,118.9109
Sigma MultiAsset Fund,2019-02-03,118.7836
Sigma MultiAsset Fund,2019-02-04,118.478
Sigma MultiAsset Fund,2019-02-05,118.2878
Sigma MultiAsset Fund,2019-02-06,118.087
Sigma MultiAsset Fund,2019-02-07,118.4602
Sigma MultiAsset Fund,2019-02-08,118.8817
Sigma MultiAsset Fund,2019-02-09,119.2702
Sigma MultiAsset Fund,2019-02-10,119.4559
Sigma MultiAsset Fund,2019-02-11,119.1875
Sigma MultiAsset Fund,2019-02-12,119.5865
Sigma MultiAsset Fund,2019-02-13,119.4758
Sigma MultiAsset Fund,2019-02-14,119.5
Sigma MultiAsset Fund,2019-02-15,120.0503
Sigma MultiAsset Fund,2019-02-16,120.0989
Sigma MultiAsset Fund,2019-02-17,120.2128
Sigma MultiAsset Fund,2019-02-18,119.6627
Sigma MultiAsset Fund,2019-02-19,119.8725
Sigma MultiAsset Fund,2019-02-20,119.4955
Sigma MultiAsset Fund,2019-02-21,119.9153
Sigma MultiAsset Fund,2019-02-22,119.8564
Sigma MultiAsset Fund,2019-02-23,118.9769
Sigma MultiAsset Fund,2019-02-24,118.8487
Sigma MultiAsset Fund,2019-02-25,118.7725
Sigma MultiAsset Fund,2019-02-26,118.9817
Sigma MultiAsset Fund,2019-02-27,119.2649
Sigma MultiAsset Fund,2019-02-28,119.1488
Sigma MultiAsset Fund,2019-03-01,119.569
Sigma MultiAsset Fund,2019-03-02,118.3171
Sigma MultiAsset Fund,2019-03-03,118.0465
Sigma MultiAsset Fund,2019-03-04,117.6166
Sigma MultiAsset Fund,2019-03-05,117.1299
Sigma MultiAsset Fund,2019-03-06,117.5288
Sigma MultiAsset Fund,2019-03-07,117.8755
Sigma MultiAsset Fund,2019-03-08,117.5802
Sigma MultiAsset Fund,2019-03-09,118.0664
Sigma MultiAsset Fund,2019-03-10,118.122
Sigma MultiAsset Fund,2019-03-11,117.9683
Sigma MultiAsset Fund,2019-03-12,117.7061
Sigma MultiAsset Fund,2019-03-13,117.4098
Sigma MultiAsset Fund,2019-03-14,117.6139
Sigma MultiAsset Fund,2019-03-15,117.889
Sigma MultiAsset Fund,2019-03-16,117.9994
Sigma MultiAsset Fund,2019-03-17,117.1943
Sigma MultiAsset Fund,2019-03-18,117.3279
Sigma MultiAsset Fund,2019-03-19,117.569
Sigma MultiAsset Fund,2019-03-20,117.3163
Sigma MultiAsset Fund,2019-03-21,117.3486
Sigma MultiAsset Fund,2019-03-22,116.6181
Sigma MultiAsset Fund,2019-03-23,116.1411
Sigma MultiAsset Fund,2019-03-24,116.0264
Sigma MultiAsset Fund,2019-03-25,115.9175
Sigma MultiAsset Fund,2019-03-26,116.0732
Sigma MultiAsset Fund,2019-03-27,115.6134
Sigma MultiAsset Fund,2019-03-28,115.4919
Sigma MultiAsset Fund,2019-03-29,115.311
Sigma MultiAsset Fund,2019-03-30,115.5372
Sigma MultiAsset Fund,2019-03-31,116.1206
Sigma MultiAsset Fund,2019-04-01,116.824
Sigma MultiAsset Fund,2019-04-02,116.2116
Sigma MultiAsset Fund,2019-04-03,116.2074
Sigma MultiAsset Fund,2019-04-04,115.7774
Sigma MultiAsset Fund,2019-04-05,115.7665
Sigma MultiAsset Fund,2019-04-06,115.9507
Sigma MultiAsset Fund,2019-04-07,115.9983
Sigma MultiAsset Fund,2019-04-08,115.9937
Sigma MultiAsset Fund,2019-04-09,116.6019
Sigma MultiAsset Fund,2019-04-10,116.9053
Sigma MultiAsset Fund,2019-04-11,116.8112
Sigma MultiAsset Fund,2019-04-12,116.8359
Sigma MultiAsset Fund,2019-04-13,117.1993
Sigma MultiAsset Fund,2019-04-14,117.4582
Sigma MultiAsset Fund,2019-04-15,117.3031
Sigma MultiAsset Fund,2019-04-16,116.608
Sigma MultiAsset Fund,2019-04-17,116.1492
Sigma MultiAsset Fund,2019-04-18,116.2226
Sigma MultiAsset Fund,2019-04-19,115.523
Sigma MultiAsset Fund,2019-04-20,115.477
Sigma MultiAsset Fund,2019-04-21,115.3106
Sigma MultiAsset Fund,2019-04-22,115.7253
Sigma MultiAsset Fund,2019-04-23,115.2131
Sigma MultiAsset Fund,2019-04-24,114.4553
Sigma MultiAsset Fund,2019-04-25,114.3025
Sigma MultiAsset Fund,2019-04-26,114.5714
Sigma MultiAsset Fund,2019-04-27,115.0144
Sigma MultiAsset Fund,2019-04-28,114.6656
Sigma MultiAsset Fund,2019-04-29,114.8687
Sigma MultiAsset Fund,2019-04-30,114.4392
Sigma MultiAsset Fund,2019-05-01,114.1546
Sigma MultiAsset Fund,2019-05-02,114.3967
Sigma MultiAsset Fund,2019-05-03,114.6989
Sigma MultiAsset Fund,2019-05-04,114.3142
Sigma MultiAsset Fund,2019-05-05,114.5191
Sigma MultiAsset Fund,2019-05-06,113.7867
Sigma MultiAsset Fund,2019-05-07,113.7207
Sigma MultiAsset Fund,2019-05-08,113.282
Sigma MultiAsset Fund,2019-05-09,112.9739
Sigma MultiAsset Fund,2019-05-10,112.4785
Sigma MultiAsset Fund,2019-05-11,112.7149
Sigma MultiAsset Fund,2019-05-12,112.9515
Sigma MultiAsset Fund,2019-05-13,112.69
Sigma MultiAsset Fund,2019-05-14,112.8552
Sigma MultiAsset Fund,2019-05-15,112.9747
Sigma MultiAsset Fund,2019-05-16,112.9383
Sigma MultiAsset Fund,2019-05-17,113.8166
Sigma MultiAsset Fund,2019-05-18,113.4953
Sigma MultiAsset Fund,2019-05-19,113.516
Sigma MultiAsset Fund,2019-05-20,113.378
Sigma MultiAsset Fund,2019-05-21,113.2443
Sigma MultiAsset Fund,2019-05-22,113.3231
Sigma MultiAsset Fund,2019-05-23,113.2203
Sigma MultiAsset Fund,2019-05-24,112.8912
Sigma MultiAsset Fund,2019-05-25,112.9558
Sigma MultiAsset Fund,2019-05-26,113.4438
Sigma MultiAsset Fund,2019-05-27,113.8359
Sigma MultiAsset Fund,2019-05-28,113.9321
Sigma MultiAsset Fund,2019-05-29,113.6529
Sigma MultiAsset Fund,2019-05-30,113.7425
Sigma MultiAsset Fund,2019-05-31,114.1914
Sigma MultiAsset Fund,2019-06-01,114.6829
Sigma MultiAsset Fund,2019-06-02,114.8417
Sigma MultiAsset Fund,2019-06-03,114.711
Sigma MultiAsset Fund,2019-06-04,114.6449
Sigma MultiAsset Fund,2019-06-05,114.9687
Sigma MultiAsset Fund,2019-06-06,115.2582
Sigma MultiAsset Fund,2019-06-07,114.5702
Sigma MultiAsset Fund,2019-06-08,114.8486
Sigma MultiAsset Fund,2019-06-09,115.1481
Sigma MultiAsset Fund,2019-06-10,114.8082
Sigma MultiAsset Fund,2019-06-11,114.5173
Sigma MultiAsset Fund,2019-06-12,114.2294
Sigma MultiAsset Fund,2019-06-13,113.9723
Sigma MultiAsset Fund,2019-06-14,113.4206
Sigma MultiAsset Fund,2019-06-15,113.5608
Sigma MultiAsset Fund,2019-06-16,113.2615
Sigma MultiAsset Fund,2019-06-17,113.2484
Sigma MultiAsset Fund,2019-06-18,113.0643
Sigma MultiAsset Fund,2019-06-19,113.1814
Sigma MultiAsset Fund,2019-06-20,112.7922
Sigma MultiAsset Fund,2019-06-21,112.9053
Sigma MultiAsset Fund,2019-06-22,113.0762
Sigma MultiAsset Fund,2019-06-23,113.4222
Sigma MultiAsset Fund,2019-06-24,114.2243
Sigma MultiAsset Fund,2019-06-25,113.4025
Sigma MultiAsset Fund,2019-06-26,113.5456
Sigma MultiAsset Fund,2019-06-27,113.277
Sigma MultiAsset Fund,2019-06-28,112.5219
Sigma MultiAsset Fund,2019-06-29,112.8736
Sigma MultiAsset Fund,2019-06-30,113.4215
Sigma MultiAsset Fund,2019-07-01,113.2798
Sigma MultiAsset Fund,2019-07-02,113.3792
Sigma MultiAsset Fund,2019-07-03,113.3686
Sigma MultiAsset Fund,2019-07-04,113.5572
Sigma MultiAsset Fund,2019-07-05,113.9244
Sigma MultiAsset Fund,2019-07-06,114.0774
Sigma MultiAsset Fund,2019-07-07,114.2307
Sigma MultiAsset Fund,2019-07-08,114.7496
Sigma MultiAsset Fund,2019-07-09,114.6988
Sigma MultiAsset Fund,2019-07-10,115.083
Sigma MultiAsset Fund,2019-07-11,114.7692
Sigma MultiAsset Fund,2019-07-12,115.427
Sigma MultiAsset Fund,2019-07-13,115.7371
Sigma MultiAsset Fund,2019-07-14,115.5906
Sigma MultiAsset Fund,2019-07-15,114.7598
Sigma MultiAsset Fund,2019-07-16,114.7747
Sigma MultiAsset Fund,2019-07-17,114.317
Sigma MultiAsset Fund,2019-07-18,114.4518
Sigma MultiAsset Fund,2019-07-19,115.0473
Sigma MultiAsset Fund,2019-07-20,115.1263
Sigma MultiAsset Fund,2019-07-21,115.0701
Sigma MultiAsset Fund,2019-07-22,115.222
Sigma MultiAsset Fund,2019-07-23,115.3513
Sigma MultiAsset Fund,2019-07-24,114.4211
Sigma MultiAsset Fund,2019-07-25,114.5325
Sigma MultiAsset Fund,2019-07-26,114.7956
Sigma MultiAsset Fund,2019-07-27,114.7069
Sigma MultiAsset Fund,2019-07-28,115.1133
Sigma MultiAsset Fund,2019-07-29,115.0772
Sigma MultiAsset Fund,2019-07-30,115.399
Sigma MultiAsset Fund,2019-07-31,116.3233
Sigma MultiAsset Fund,2019-08-01,116.2997
Sigma MultiAsset Fund,2019-08-02,115.5378
Sigma MultiAsset Fund,2019-08-03,115.4182
Sigma MultiAsset Fund,2019-08-04,114.7429
Sigma MultiAsset Fund,2019-08-05,115.0023
Sigma MultiAsset Fund,2019-08-06,115.5411
Sigma MultiAsset Fund,2019-08-07,115.8344
Sigma MultiAsset Fund,2019-08-08,115.9776
Sigma MultiAsset Fund,2019-08-09,115.7346
Sigma MultiAsset Fund,2019-08-10,116.3799
Sigma MultiAsset Fund,2019-08-11,116.6962
Sigma MultiAsset Fund,2019-08-12,116.825
Sigma MultiAsset Fund,2019-08-13,116.9219
Sigma MultiAsset Fund,2019-08-14,116.9815
Sigma MultiAsset Fund,2019-08-15,117.1774
Sigma MultiAsset Fund,2019-08-16,116.9471
Sigma MultiAsset Fund,2019-08-17,117.5722
Sigma MultiAsset Fund,2019-08-18,117.6481
Sigma MultiAsset Fund,2019-08-19,117.9032
Sigma MultiAsset Fund,2019-08-20,117.7447
Sigma MultiAsset Fund,2019-08-21,117.9097
Sigma MultiAsset Fund,2019-08-22,117.012
Sigma MultiAsset Fund,2019-08-23,116.5797
Sigma MultiAsset Fund,2019-08-24,116.5821
Sigma MultiAsset Fund,2019-08-25,116.0681
Sigma MultiAsset Fund,2019-08-26,117.0589
Sigma MultiAsset Fund,2019-08-27,116.4067
Sigma MultiAsset Fund,2019-08-28,116.56
Sigma MultiAsset Fund,2019-08-29,117.2373
Sigma MultiAsset Fund,2019-08-30,117.4448
Sigma MultiAsset Fund,2019-08-31,117.3358
Sigma MultiAsset Fund,2019-09-01,117.1299
Sigma MultiAsset Fund,2019-09-02,117.4142
Sigma MultiAsset Fund,2019-09-03,117.1091
Sigma MultiAsset Fund,2019-09-04,117.0763
Sigma MultiAsset Fund,2019-09-05,117.3678
Sigma MultiAsset Fund,2019-09-06,117.2596
Sigma MultiAsset Fund,2019-09-07,117.3096
Sigma MultiAsset Fund,2019-09-08,117.203
Sigma MultiAsset Fund,2019-09-09,116.8301
Sigma MultiAsset Fund,2019-09-10,117.3207
Sigma MultiAsset Fund,2019-09-11,117.893
Sigma MultiAsset Fund,2019-09-12,117.7813
Sigma MultiAsset Fund,2019-09-13,117.69
Sigma MultiAsset Fund,2019-09-14,117.6339
Sigma MultiAsset Fund,2019-09-15,117.8644
Sigma MultiAsset Fund,2019-09-16,117.5173
Sigma MultiAsset Fund,2019-09-17,117.4969
Sigma MultiAsset Fund,2019-09-18,117.6171
Sigma MultiAsset Fund,2019-09-19,117.8889
Sigma MultiAsset Fund,2019-09-20,116.7915
Sigma MultiAsset Fund,2019-09-21,116.9679
Sigma MultiAsset Fund,2019-09-22,117.1212
Sigma MultiAsset Fund,2019-09-23,117.5393
Sigma MultiAsset Fund,2019-09-24,117.3438
Sigma MultiAsset Fund,2019-09-25,117.1515
Sigma MultiAsset Fund,2019-09-26,117.6475
Sigma MultiAsset Fund,2019-09-27,117.0372
Sigma MultiAsset Fund,2019-09-28,117.7039
Sigma MultiAsset Fund,2019-09-29,118.7412
Sigma MultiAsset Fund,2019-09-30,118.9472
Sigma MultiAsset Fund,2019-10-01,119.2878
Sigma MultiAsset Fund,2019-10-02,118.707
Sigma MultiAsset Fund,2019-10-03,118.4442
Sigma MultiAsset Fund,2019-10-04,118.8823
Sigma MultiAsset Fund,2019-10-05,119.0421
Sigma MultiAsset Fund,2019-10-06,118.9845
Sigma MultiAsset Fund,2019-10-07,119.0926
Sigma MultiAsset Fund,2019-10-08,119.3104
Sigma MultiAsset Fund,2019-10-09,119.2082
Sigma MultiAsset Fund,2019-10-10,119.2116
Sigma MultiAsset Fund,2019-10-11,119.2121
Sigma MultiAsset Fund,2019-10-12,118.8062
Sigma MultiAsset Fund,2019-10-13,118.9506
Sigma MultiAsset Fund,2019-10-14,119.6871
Sigma MultiAsset Fund,2019-10-15,120.3948
Sigma MultiAsset Fund,2019-10-16,119.8193
Sigma MultiAsset Fund,2019-10-17,120.0625
Sigma MultiAsset Fund,2019-10-18,120.3477
Sigma MultiAsset Fund,2019-10-19,120.1985
Sigma MultiAsset Fund,2019-10-20,119.8278
Sigma MultiAsset Fund,2019-10-21,119.3145
Sigma MultiAsset Fund,2019-10-22,119.1516
Sigma MultiAsset Fund,2019-10-23,119.3066
Sigma MultiAsset Fund,2019-10-24,119.2584
Sigma MultiAsset Fund,2019-10-25,119.029
Sigma MultiAsset Fund,2019-10-26,118.5444
Sigma MultiAsset Fund,2019-10-27,118.6997
Sigma MultiAsset Fund,2019-10-28,119.1413
Sigma MultiAsset Fund,2019-10-29,118.7855
Sigma MultiAsset Fund,2019-10-30,118.9799
Sigma MultiAsset Fund,2019-10-31,118.2431
Sigma MultiAsset Fund,2019-11-01,117.9951
Sigma MultiAsset Fund,2019-11-02,118.302
Sigma MultiAsset Fund,2019-11-03,117.8698
Sigma MultiAsset Fund,2019-11-04,117.6431
Sigma MultiAsset Fund,2019-11-05,118.2253
Sigma MultiAsset Fund,2019-11-06,117.9471
Sigma MultiAsset Fund,2019-11-07,117.6205
Sigma MultiAsset Fund,2019-11-08,117.8659
Sigma MultiAsset Fund,2019-11-09,118.6628
Sigma MultiAsset Fund,2019-11-10,118.5819
Sigma MultiAsset Fund,2019-11-11,118.9044
Sigma MultiAsset Fund,2019-11-12,119.4577
Sigma MultiAsset Fund,2019-11-13,119.6029
Sigma MultiAsset Fund,2019-11-14,119.51
Sigma MultiAsset Fund,2019-11-15,119.1744
Sigma MultiAsset Fund,2019-11-16,118.6194
Sigma MultiAsset Fund,2019-11-17,119.079
Sigma MultiAsset Fund,2019-11-18,119.1664
Sigma MultiAsset Fund,2019-11-19,119.7145
Sigma MultiAsset Fund,2019-11-20,120.1251
Sigma MultiAsset Fund,2019-11-21,119.8933
Sigma MultiAsset Fund,2019-11-22,119.4336
Sigma MultiAsset Fund,2019-11-23,119.6136
Sigma MultiAsset Fund,2019-11-24,119.3756
Sigma MultiAsset Fund,2019-11-25,119.5413
Sigma MultiAsset Fund,2019-11-26,119.2638
Sigma MultiAsset Fund,2019-11-27,118.9344
Sigma MultiAsset Fund,2019-11-28,118.893
Sigma MultiAsset Fund,2019-11-29,119.2816
Sigma MultiAsset Fund,2019-11-30,119.4192
Sigma MultiAsset Fund,2019-12-01,119.9056
Sigma MultiAsset Fund,2019-12-02,119.4271
Sigma MultiAsset Fund,2019-12-03,119.0193
Sigma MultiAsset Fund,2019-12-04,118.9986
Sigma MultiAsset Fund,2019-12-05,119.8799
Sigma MultiAsset Fund,2019-12-06,120.1646
Sigma MultiAsset Fund,2019-12-07,119.753
Sigma MultiAsset Fund,2019-12-08,119.7375
Sigma MultiAsset Fund,2019-12-09,119.8408
Sigma MultiAsset Fund,2019-12-10,119.6283
Sigma MultiAsset Fund,2019-12-11,119.8887
Sigma MultiAsset Fund,2019-12-12,119.8411
Sigma MultiAsset Fund,2019-12-13,119.7363
Sigma MultiAsset Fund,2019-12-14,120.2554
Sigma MultiAsset Fund,2019-12-15,119.5866
Sigma MultiAsset Fund,2019-12-16,119.2169
Sigma MultiAsset Fund,2019-12-17,118.9049
Sigma MultiAsset Fund,2019-12-18,118.5809
Sigma MultiAsset Fund,2019-12-19,118.3044
Sigma MultiAsset Fund,2019-12-20,118.5148
Sigma MultiAsset Fund,2019-12-21,118.9684
Sigma MultiAsset Fund,2019-12-22,119.3498
Sigma MultiAsset Fund,2019-12-23,118.957
Sigma MultiAsset Fund,2019-12-24,118.929
Sigma MultiAsset Fund,2019-12-25,119.1249
Sigma MultiAsset Fund,2019-12-26,119.2359
Sigma MultiAsset Fund,2019-12-27,119.7732
Sigma MultiAsset Fund,2019-12-28,119.5181
Sigma MultiAsset Fund,2019-12-29,119.5956
Sigma MultiAsset Fund,2019-12-30,119.4533
Sigma MultiAsset Fund,2019-12-31,119.5687
Sigma MultiAsset Fund,2020-01-01,119.1522
Sigma MultiAsset Fund,2020-01-02,118.7956
Sigma MultiAsset Fund,2020-01-03,118.5186
Sigma MultiAsset Fund,2020-01-04,118.3081
Sigma MultiAsset Fund,2020-01-05,118.9423
Sigma MultiAsset Fund,2020-01-06,119.4274
Sigma MultiAsset Fund,2020-01-07,119.3574
Sigma MultiAsset Fund,2020-01-08,119.4415
Sigma MultiAsset Fund,2020-01-09,118.8188
Sigma MultiAsset Fund,2020-01-10,118.762
Sigma MultiAsset Fund,2020-01-11,118.8409
Sigma MultiAsset Fund,2020-01-12,119.3142
Sigma MultiAsset Fund,2020-01-13,119.4599
Sigma MultiAsset Fund,2020-01-14,119.648
Sigma MultiAsset Fund,2020-01-15,119.7821
Sigma MultiAsset Fund,2020-01-16,119.9047
Sigma MultiAsset Fund,2020-01-17,119.361
Sigma MultiAsset Fund,2020-01-18,119.2093
Sigma MultiAsset Fund,2020-01-19,119.7983
Sigma MultiAsset Fund,2020-01-20,120.1428
Sigma MultiAsset Fund,2020-01-21,120.3555
Sigma MultiAsset Fund,2020-01-22,120.3972
Sigma MultiAsset Fund,2020-01-23,120.676
Sigma MultiAsset Fund,2020-01-24,120.313
Sigma MultiAsset Fund,2020-01-25,119.696
Sigma MultiAsset Fund,2020-01-26,119.5582
Sigma MultiAsset Fund,2020-01-27,119.7884
Sigma MultiAsset Fund,2020-01-28,119.8465
Sigma MultiAsset Fund,2020-01-29,120.2671
Sigma MultiAsset Fund,2020-01-30,120.4227
Sigma MultiAsset Fund,2020-01-31,120.4556
Sigma MultiAsset Fund,2020-02-01,121.0016
Sigma MultiAsset Fund,2020-02-02,121.4695
Sigma MultiAsset Fund,2020-02-03,121.4453
Sigma MultiAsset Fund,2020-02-04,121.0191
Sigma MultiAsset Fund,2020-02-05,120.6711
Sigma MultiAsset Fund,2020-02-06,120.6216
Sigma MultiAsset Fund,2020-02-07,120.4898
Sigma MultiAsset Fund,2020-02-08,121.1679
Sigma MultiAsset Fund,2020-02-09,120.5109
Sigma MultiAsset Fund,2020-02-10,120.5002
Sigma MultiAsset Fund,2020-02-11,120.0887
Sigma MultiAsset Fund,2020-02-12,120.1504
Sigma MultiAsset Fund,2020-02-13,120.3183
Sigma MultiAsset Fund,2020-02-14,120.1714
Sigma MultiAsset Fund,2020-02-15,120.3985
Sigma MultiAsset Fund,2020-02-16,120.3341
Sigma MultiAsset Fund,2020-02-17,120.2773
Sigma MultiAsset Fund,2020-02-18,120.1252
Sigma MultiAsset Fund,2020-02-19,120.4005
Sigma MultiAsset Fund,2020-02-20,120.4709
Sigma MultiAsset Fund,2020-02-21,121.1152
Sigma MultiAsset Fund,2020-02-22,121.6382
Sigma MultiAsset Fund,2020-02-23,121.8747
Sigma MultiAsset Fund,2020-02-24,121.026
Sigma MultiAsset Fund,2020-02-25,120.4472
Sigma MultiAsset Fund,2020-02-26,120.8567
Sigma MultiAsset Fund,2020-02-27,120.6815
Sigma MultiAsset Fund,2020-02-28,120.7904
Sigma MultiAsset Fund,2020-02-29,120.5532
Sigma MultiAsset Fund,2020-03-01,120.7754
Sigma MultiAsset Fund,2020-03-02,121.1736
Sigma MultiAsset Fund,2020-03-03,120.7047
Sigma MultiAsset Fund,2020-03-04,120.3943
Sigma MultiAsset Fund,2020-03-05,119.7438
Sigma MultiAsset Fund,2020-03-06,119.8522
Sigma MultiAsset Fund,2020-03-07,119.201
Sigma MultiAsset Fund,2020-03-08,119.0696
Sigma MultiAsset Fund,2020-03-09,119.2925
Sigma MultiAsset Fund,2020-03-10,120.1307
Sigma MultiAsset Fund,2020-03-11,120.2931
Sigma MultiAsset Fund,2020-03-12,120.8092
Sigma MultiAsset Fund,2020-03-13,120.9279
Sigma MultiAsset Fund,2020-03-14,121.0666
Sigma MultiAsset Fund,2020-03-15,120.9972
Zeta Midcap Fund,2019-01-01,119.8617
Zeta Midcap Fund,2019-01-02,120.3464
Zeta Midcap Fund,2019-01-03,120.5113
Zeta Midcap Fund,2019-01-04,120.6608
Zeta Midcap Fund,2019-01-05,120.4326
Zeta Midcap Fund,2019-01-06,120.3095
Zeta Midcap Fund,2019-01-07,121.1515
Zeta Midcap Fund,2019-01-08,121.1395
Zeta Midcap Fund,2019-01-09,121.685
Zeta Midcap Fund,2019-01-10,121.4919
Zeta Midcap Fund,2019-01-11,121.8275
Zeta Midcap Fund,2019-01-12,121.9584
Zeta Midcap Fund,2019-01-13,121.812
Zeta Midcap Fund,2019-01-14,122.0864
Zeta Midcap Fund,2019-01-15,121.484
Zeta Midcap Fund,2019-01-16,121.7289
Zeta Midcap Fund,2019-01-17,122.0586
Zeta Midcap Fund,2019-01-18,122.1828
Zeta Midcap Fund,2019-01-19,122.7222
Zeta Midcap Fund,2019-01-20,122.71
Zeta Midcap Fund,2019-01-21,122.6653
Zeta Midcap Fund,2019-01-22,122.8223
Zeta Midcap Fund,2019-01-23,123.1844
Zeta Midcap Fund,2019-01-24,123.4274
Zeta Midcap Fund,2019-01-25,123.3517
Zeta Midcap Fund,2019-01-26,122.9686
Zeta Midcap Fund,2019-01-27,123.249
Zeta Midcap Fund,2019-01-28,122.9482
Zeta Midcap Fund,2019-01-29,122.6359
Zeta Midcap Fund,2019-01-30,122.389
Zeta Midcap Fund,2019-01-31,122.4271
Zeta Midcap Fund,2019-02-01,122.1236
Zeta Midcap Fund,2019-02-02,121.6843
Zeta Midcap Fund,2019-02-03,121.4358
Zeta Midcap Fund,2019-02-04,121.3774
Zeta Midcap Fund,2019-02-05,121.5741
Zeta Midcap Fund,2019-02-06,121.6161
Zeta Midcap Fund,2019-02-07,121.1989
Zeta Midcap Fund,2019-02-08,121.3053
Zeta Midcap Fund,2019-02-09,121.4494
Zeta Midcap Fund,2019-02-10,121.2824
Zeta Midcap Fund,2019-02-11,120.979
Zeta Midcap Fund,2019-02-12,120.6753
Zeta Midcap Fund,2019-02-13,120.4776
Zeta Midcap Fund,2019-02-14,121.3783
Zeta Midcap Fund,2019-02-15,121.0376
Zeta Midcap Fund,2019-02-16,121.159
Zeta Midcap Fund,2019-02-17,120.8884
Zeta Midcap Fund,2019-02-18,120.701
Zeta Midcap Fund,2019-02-19,120.4336
Zeta Midcap Fund,2019-02-20,120.769
Zeta Midcap Fund,2019-02-21,120.9357
Zeta Midcap Fund,2019-02-22,120.8989
Zeta Midcap Fund,2019-02-23,121.1151
Zeta Midcap Fund,2019-02-24,121.4275
Zeta Midcap Fund,2019-02-25,121.1022
Zeta Midcap Fund,2019-02-26,121.3361
Zeta Midcap Fund,2019-02-27,121.0641
Zeta Midcap Fund,2019-02-28,121.4142
Zeta Midcap Fund,2019-03-01,121.7253
Zeta Midcap Fund,2019-03-02,121.9018
Zeta Midcap Fund,2019-03-03,121.8328
Zeta Midcap Fund,2019-03-04,121.6374
Zeta Midcap Fund,2019-03-05,121.5469
Zeta Midcap Fund,2019-03-06,121.8696
Zeta Midcap Fund,2019-03-07,121.6117
Zeta Midcap Fund,2019-03-08,121.6465
Zeta Midcap Fund,2019-03-09,120.9625
Zeta Midcap Fund,2019-03-10,121.0816
Zeta Midcap Fund,2019-03-11,120.6824
Zeta Midcap Fund,2019-03-12,120.1702
Zeta Midcap Fund,2019-03-13,120.3926
Zeta Midcap Fund,2019-03-14,120.4918
Zeta Midcap Fund,2019-03-15,120.3294
Zeta Midcap Fund,2019-03-16,120.2236
Zeta Midcap Fund,2019-03-17,121.147
Zeta Midcap Fund,2019-03-18,121.0843
Zeta Midcap Fund,2019-03-19,121.0189
Zeta Midcap Fund,2019-03-20,121.2948
Zeta Midcap Fund,2019-03-21,121.3447
Zeta Midcap Fund,2019-03-22,121.7546
Zeta Midcap Fund,2019-03-23,121.8806
Zeta Midcap Fund,2019-03-24,122.2001
Zeta Midcap Fund,2019-03-25,122.3924
Zeta Midcap Fund,2019-03-26,122.6655
Zeta Midcap Fund,2019-03-27,122.6634
Zeta Midcap Fund,2019-03-28,122.7675
Zeta Midcap Fund,2019-03-29,122.674
Zeta Midcap Fund,2019-03-30,122.9307
Zeta Midcap Fund,2019-03-31,122.4073
Zeta Midcap Fund,2019-04-01,122.7128
Zeta Midcap Fund,2019-04-02,123.127
Zeta Midcap Fund,2019-04-03,123.4387
Zeta Midcap Fund,2019-04-04,123.412
Zeta Midcap Fund,2019-04-05,123.6291
Zeta Midcap Fund,2019-04-06,123.3335
Zeta Midcap Fund,2019-04-07,123.6833
Zeta Midcap Fund,2019-04-08,123.2586
Zeta Midcap Fund,2019-04-09,123.5111
Zeta Midcap Fund,2019-04-10,123.7392
Zeta Midcap Fund,2019-04-11,123.9169
Zeta Midcap Fund,2019-04-12,123.7531
Zeta Midcap Fund,2019-04-13,124.0721
Zeta Midcap Fund,2019-04-14,123.3522
Zeta Midcap Fund,2019-04-15,123.6781
Zeta Midcap Fund,2019-04-16,123.7697
Zeta Midcap Fund,2019-04-17,124.2051
Zeta Midcap Fund,2019-04-18,124.3001
Zeta Midcap Fund,2019-04-19,125.0504
Zeta Midcap Fund,2019-04-20,124.6886
Zeta Midcap Fund,2019-04-21,124.9474
Zeta Midcap Fund,2019-04-22,124.608
Zeta Midcap Fund,2019-04-23,124.5724
Zeta Midcap Fund,2019-04-24,124.8844
Zeta Midcap Fund,2019-04-25,125.1496
Zeta Midcap Fund,2019-04-26,125.9964
Zeta Midcap Fund,2019-04-27,125.8708
Zeta Midcap Fund,2019-04-28,126.4002
Zeta Midcap Fund,2019-04-29,126.3135
Zeta Midcap Fund,2019-04-30,126.0481
Zeta Midcap Fund,2019-05-01,125.414
Zeta Midcap Fund,2019-05-02,125.494
Zeta Midcap Fund,2019-05-03,125.3005
Zeta Midcap Fund,2019-05-04,125.6545
Zeta Midcap Fund,2019-05-05,125.4581
Zeta Midcap Fund,2019-05-06,125.2825
Zeta Midcap Fund,2019-05-07,125.4394
Zeta Midcap Fund,2019-05-08,126.1429
Zeta Midcap Fund,2019-05-09,125.7224
Zeta Midcap Fund,2019-05-10,126.1444
Zeta Midcap Fund,2019-05-11,126.5091
Zeta Midcap Fund,2019-05-12,126.4357
Zeta Midcap Fund,2019-05-13,126.7209
Zeta Midcap Fund,2019-05-14,126.6222
Zeta Midcap Fund,2019-05-15,127.5857
Zeta Midcap Fund,2019-05-16,127.5559
Zeta Midcap Fund,2019-05-17,127.603
Zeta Midcap Fund,2019-05-18,127.4877
Zeta Midcap Fund,2019-05-19,126.8253
Zeta Midcap Fund,2019-05-20,126.7351
Zeta Midcap Fund,2019-05-21,126.8429
Zeta Midcap Fund,2019-05-22,127.4583
Zeta Midcap Fund,2019-05-23,127.67
Zeta Midcap Fund,2019-05-24,127.6093
Zeta Midcap Fund,2019-05-25,127.6483
Zeta Midcap Fund,2019-05-26,127.7942
Zeta Midcap Fund,2019-05-27,127.6576
Zeta Midcap Fund,2019-05-28,127.9455
Zeta Midcap Fund,2019-05-29,128.6106
Zeta Midcap Fund,2019-05-30,128.4803
Zeta Midcap Fund,2019-05-31,128.9783
Zeta Midcap Fund,2019-06-01,129.3438
Zeta Midcap Fund,2019-06-02,129.5737
Zeta Midcap Fund,2019-06-03,129.6335
Zeta Midcap Fund,2019-06-04,129.7836
Zeta Midcap Fund,2019-06-05,129.7117
Zeta Midcap Fund,2019-06-06,130.4614
Zeta Midcap Fund,2019-06-07,130.189
Zeta Midcap Fund,2019-06-08,130.658
Zeta Midcap Fund,2019-06-09,131.2929
Zeta Midcap Fund,2019-06-10,131.1787
Zeta Midcap Fund,2019-06-11,131.66
Zeta Midcap Fund,2019-06-12,131.7326
Zeta Midcap Fund,2019-06-13,131.7725
Zeta Midcap Fund,2019-06-14,131.7577
Zeta Midcap Fund,2019-06-15,131.1272
Zeta Midcap Fund,2019-06-16,131.3614
Zeta Midcap Fund,2019-06-17,131.9538
Zeta Midcap Fund,2019-06-18,131.6869
Zeta Midcap Fund,2019-06-19,132.0409
Zeta Midcap Fund,2019-06-20,132.0218
Zeta Midcap Fund,2019-06-21,131.5997
Zeta Midcap Fund,2019-06-22,132.0139
Zeta Midcap Fund,2019-06-23,132.7033
Zeta Midcap Fund,2019-06-24,132.4006
Zeta Midcap Fund,2019-06-25,132.5019
Zeta Midcap Fund,2019-06-26,131.941
Zeta Midcap Fund,2019-06-27,131.9392
Zeta Midcap Fund,2019-06-28,132.1486
Zeta Midcap Fund,2019-06-29,132.8648
Zeta Midcap Fund,2019-06-30,133.5028
Zeta Midcap Fund,2019-07-01,134.1748
Zeta Midcap Fund,2019-07-02,133.979
Zeta Midcap Fund,2019-07-03,133.8959
Zeta Midcap Fund,2019-07-04,133.2452
Zeta Midcap Fund,2019-07-05,132.9741
Zeta Midcap Fund,2019-07-06,132.4084
Zeta Midcap Fund,2019-07-07,132.5696
Zeta Midcap Fund,2019-07-08,132.3058
Zeta Midcap Fund,2019-07-09,131.8802
Zeta Midcap Fund,2019-07-10,131.7531
Zeta Midcap Fund,2019-07-11,131.2941
Zeta Midcap Fund,2019-07-12,131.4327
Zeta Midcap Fund,2019-07-13,131.5615
Zeta Midcap Fund,2019-07-14,131.4502
Zeta Midcap Fund,2019-07-15,131.173
Zeta Midcap Fund,2019-07-16,130.6522
Zeta Midcap Fund,2019-07-17,130.8893
Zeta Midcap Fund,2019-07-18,130.9958
Zeta Midcap Fund,2019-07-19,131.1965
Zeta Midcap Fund,2019-07-20,131.089
Zeta Midcap Fund,2019-07-21,131.0168
Zeta Midcap Fund,2019-07-22,131.6086
Zeta Midcap Fund,2019-07-23,131.3834
Zeta Midcap Fund,2019-07-24,131.2733
Zeta Midcap Fund,2019-07-25,131.5859
Zeta Midcap Fund,2019-07-26,131.722
Zeta Midcap Fund,2019-07-27,130.9184
Zeta Midcap Fund,2019-07-28,130.2582
Zeta Midcap Fund,2019-07-29,130.0089
Zeta Midcap Fund,2019-07-30,130.388
Zeta Midcap Fund,2019-07-31,130.6717
Zeta Midcap Fund,2019-08-01,130.8945
Zeta Midcap Fund,2019-08-02,131.1606
Zeta Midcap Fund,2019-08-03,130.788
Zeta Midcap Fund,2019-08-04,131.0434
Zeta Midcap Fund,2019-08-05,130.6899
Zeta Midcap Fund,2019-08-06,131.0838
Zeta Midcap Fund,2019-08-07,130.8946
Zeta Midcap Fund,2019-08-08,131.0222
Zeta Midcap Fund,2019-08-09,130.2875
Zeta Midcap Fund,2019-08-10,129.7629
Zeta Midcap Fund,2019-08-11,130.2142
Zeta Midcap Fund,2019-08-12,130.5059
Zeta Midcap Fund,2019-08-13,130.0337
Zeta Midcap Fund,2019-08-14,130.5629
Zeta Midcap Fund,2019-08-15,130.1416
Zeta Midcap Fund,2019-08-16,130.1646
Zeta Midcap Fund,2019-08-17,129.9876
Zeta Midcap Fund,2019-08-18,129.6332
Zeta Midcap Fund,2019-08-19,130.1154
Zeta Midcap Fund,2019-08-20,130.8044
Zeta Midcap Fund,2019-08-21,130.8907
Zeta Midcap Fund,2019-08-22,131.5161
Zeta Midcap Fund,2019-08-23,131.4186
Zeta Midcap Fund,2019-08-24,131.4769
Zeta Midcap Fund,2019-08-25,131.5445
Zeta Midcap Fund,2019-08-26,131.0968
Zeta Midcap Fund,2019-08-27,131.3116
Zeta Midcap Fund,2019-08-28,131.6105
Zeta Midcap Fund,2019-08-29,131.5561
Zeta Midcap Fund,2019-08-30,130.8944
Zeta Midcap Fund,2019-08-31,131.0565
Zeta Midcap Fund,2019-09-01,130.4655
Zeta Midcap Fund,2019-09-02,130.156
Zeta Midcap Fund,2019-09-03,130.2235
Zeta Midcap Fund,2019-09-04,129.9307
Zeta Midcap Fund,2019-09-05,130.0471
Zeta Midcap Fund,2019-09-06,129.9716
Zeta Midcap Fund,2019-09-07,129.3344
Zeta Midcap Fund,2019-09-08,129.4166
Zeta Midcap Fund,2019-09-09,129.6663
Zeta Midcap Fund,2019-09-10,130.0862
Zeta Midcap Fund,2019-09-11,129.9546
Zeta Midcap Fund,2019-09-12,129.945
Zeta Midcap Fund,2019-09-13,129.362
Zeta Midcap Fund,2019-09-14,130.1629
Zeta Midcap Fund,2019-09-15,130.7799
Zeta Midcap Fund,2019-09-16,130.7822
Zeta Midcap Fund,2019-09-17,130.7473
Zeta Midcap Fund,2019-09-18,129.5902
Zeta Midcap Fund,2019-09-19,130.0193
Zeta Midcap Fund,2019-09-20,130.2594
Zeta Midcap Fund,2019-09-21,130.5995
Zeta Midcap Fund,2019-09-22,130.4524
Zeta Midcap Fund,2019-09-23,130.2797
Zeta Midcap Fund,2019-09-24,129.8005
Zeta Midcap Fund,2019-09-25,130.1267
Zeta Midcap Fund,2019-09-26,130.6426
Zeta Midcap Fund,2019-09-27,131.1071
Zeta Midcap Fund,2019-09-28,131.197
Zeta Midcap Fund,2019-09-29,131.0814
Zeta Midcap Fund,2019-09-30,130.6756
Zeta Midcap Fund,2019-10-01,130.4099
Zeta Midcap Fund,2019-10-02,130.6119
Zeta Midcap Fund,2019-10-03,130.5131
Zeta Midcap Fund,2019-10-04,131.1846
Zeta Midcap Fund,2019-10-05,131.6606
Zeta Midcap Fund,2019-10-06,131.4349
Zeta Midcap Fund,2019-10-07,130.9636
Zeta Midcap Fund,2019-10-08,130.7592
Zeta Midcap Fund,2019-10-09,131.2004
Zeta Midcap Fund,2019-10-10,131.0058
Zeta Midcap Fund,2019-10-11,131.2392
Zeta Midcap Fund,2019-10-12,131.0278
Zeta Midcap Fund,2019-10-13,131.1801
Zeta Midcap Fund,2019-10-14,131.4064
Zeta Midcap Fund,2019-10-15,131.8157
Zeta Midcap Fund,2019-10-16,132.404
Zeta Midcap Fund,2019-10-17,132.9431
Zeta Midcap Fund,2019-10-18,132.746
Zeta Midcap Fund,2019-10-19,132.7022
Zeta Midcap Fund,2019-10-20,132.2478
Zeta Midcap Fund,2019-10-21,132.1685
Zeta Midcap Fund,2019-10-22,132.1933
Zeta Midcap Fund,2019-10-23,132.0467
Zeta Midcap Fund,2019-10-24,131.8602
Zeta Midcap Fund,2019-10-25,132.2881
Zeta Midcap Fund,2019-10-26,132.6661
Zeta Midcap Fund,2019-10-27,132.8407
Zeta Midcap Fund,2019-10-28,132.3447
Zeta Midcap Fund,2019-10-29,132.4401
Zeta Midcap Fund,2019-10-30,132.3014
Zeta Midcap Fund,2019-10-31,132.8427
Zeta Midcap Fund,2019-11-01,132.1368
Zeta Midcap Fund,2019-11-02,131.9282
Zeta Midcap Fund,2019-11-03,131.7086
Zeta Midcap Fund,2019-11-04,131.5369
Zeta Midcap Fund,2019-11-05,131.935
Zeta Midcap Fund,2019-11-06,131.009
Zeta Midcap Fund,2019-11-07,130.9408
Zeta Midcap Fund,2019-11-08,131.2961
Zeta Midcap Fund,2019-11-09,131.7031
Zeta Midcap Fund,2019-11-10,131.4985
Zeta Midcap Fund,2019-11-11,131.2416
Zeta Midcap Fund,2019-11-12,131.3951
Zeta Midcap Fund,2019-11-13,131.4705
Zeta Midcap Fund,2019-11-14,131.5133
Zeta Midcap Fund,2019-11-15,130.0077
Zeta Midcap Fund,2019-11-16,129.5718
Zeta Midcap Fund,2019-11-17,129.2416
Zeta Midcap Fund,2019-11-18,129.5138
Zeta Midcap Fund,2019-11-19,128.9525
Zeta Midcap Fund,2019-11-20,128.5488
Zeta Midcap Fund,2019-11-21,128.5021
Zeta Midcap Fund,2019-11-22,128.002
Zeta Midcap Fund,2019-11-23,128.2742
Zeta Midcap Fund,2019-11-24,128.1326
Zeta Midcap Fund,2019-11-25,128.8808
Zeta Midcap Fund,2019-11-26,128.6439
Zeta Midcap Fund,2019-11-27,128.4284
Zeta Midcap Fund,2019-11-28,128.7651
Zeta Midcap Fund,2019-11-29,128.518
Zeta Midcap Fund,2019-11-30,129.1376
Zeta Midcap Fund,2019-12-01,129.3458
Zeta Midcap Fund,2019-12-02,129.2392
Zeta Midcap Fund,2019-12-03,129.1899
Zeta Midcap Fund,2019-12-04,130.3452
Zeta Midcap Fund,2019-12-05,130.5557
Zeta Midcap Fund,2019-12-06,130.6309
Zeta Midcap Fund,2019-12-07,130.5928
Zeta Midcap Fund,2019-12-08,131.0227
Zeta Midcap Fund,2019-12-09,130.4304
Zeta Midcap Fund,2019-12-10,130.3729
Zeta Midcap Fund,2019-12-11,129.2544
Zeta Midcap Fund,2019-12-12,129.0561
Zeta Midcap Fund,2019-12-13,129.4102
Zeta Midcap Fund,2019-12-14,129.9781
Zeta Midcap Fund,2019-12-15,130.2355
Zeta Midcap Fund,2019-12-16,130.5065
Zeta Midcap Fund,2019-12-17,129.8351
Zeta Midcap Fund,2019-12-18,129.5788
Zeta Midcap Fund,2019-12-19,130.1835
Zeta Midcap Fund,2019-12-20,129.989
Zeta Midcap Fund,2019-12-21,129.9496
Zeta Midcap Fund,2019-12-22,129.6424
Zeta Midcap Fund,2019-12-23,129.2839
Zeta Midcap Fund,2019-12-24,129.1108
Zeta Midcap Fund,2019-12-25,128.8614
Zeta Midcap Fund,2019-12-26,129.2594
Zeta Midcap Fund,2019-12-27,129.3605
Zeta Midcap Fund,2019-12-28,129.7831
Zeta Midcap Fund,2019-12-29,129.2432
Zeta Midcap Fund,2019-12-30,129.7483
Zeta Midcap Fund,2019-12-31,129.7719
Zeta Midcap Fund,2020-01-01,130.5227
Zeta Midcap Fund,2020-01-02,130.5166
Zeta Midcap Fund,2020-01-03,129.9342
Zeta Midcap Fund,2020-01-04,130.4629
Zeta Midcap Fund,2020-01-05,130.4233
Zeta Midcap Fund,2020-01-06,129.5774
Zeta Midcap Fund,2020-01-07,129.6505
Zeta Midcap Fund,2020-01-08,129.758
Zeta Midcap Fund,2020-01-09,130.2035
Zeta Midcap Fund,2020-01-10,128.7835
Zeta Midcap Fund,2020-01-11,129.258
Zeta Midcap Fund,2020-01-12,129.0832
Zeta Midcap Fund,2020-01-13,129.8687
Zeta Midcap Fund,2020-01-14,129.1964
Zeta Midcap Fund,2020-01-15,129.4295
Zeta Midcap Fund,2020-01-16,129.6092
Zeta Midcap Fund,2020-01-17,129.4553
Zeta Midcap Fund,2020-01-18,129.1608
Zeta Midcap Fund,2020-01-19,129.0263
Zeta Midcap Fund,2020-01-20,128.9026
Zeta Midcap Fund,2020-01-21,128.4162
Zeta Midcap Fund,2020-01-22,128.8284
Zeta Midcap Fund,2020-01-23,128.4066
Zeta Midcap Fund,2020-01-24,128.8308
Zeta Midcap Fund,2020-01-25,128.1303
Zeta Midcap Fund,2020-01-26,128.0744
Zeta Midcap Fund,2020-01-27,128.0245
Zeta Midcap Fund,2020-01-28,128.0331
Zeta Midcap Fund,2020-01-29,128.4307
Zeta Midcap Fund,2020-01-30,128.3647
Zeta Midcap Fund,2020-01-31,128.1966
Zeta Midcap Fund,2020-02-01,128.1318
Zeta Midcap Fund,2020-02-02,128.5392
Zeta Midcap Fund,2020-02-03,128.072
Zeta Midcap Fund,2020-02-04,127.6787
Zeta Midcap Fund,2020-02-05,126.911
Zeta Midcap Fund,2020-02-06,127.7369
Zeta Midcap Fund,2020-02-07,127.288
Zeta Midcap Fund,2020-02-08,126.5489
Zeta Midcap Fund,2020-02-09,126.2403
Zeta Midcap Fund,2020-02-10,126.0103
Zeta Midcap Fund,2020-02-11,126.6115
Zeta Midcap Fund,2020-02-12,126.4405
Zeta Midcap Fund,2020-02-13,126.5723
Zeta Midcap Fund,2020-02-14,125.8709
Zeta Midcap Fund,2020-02-15,125.9691
Zeta Midcap Fund,2020-02-16,125.3246
Zeta Midcap Fund,2020-02-17,125.2142
Zeta Midcap Fund,2020-02-18,124.9252
Zeta Midcap Fund,2020-02-19,124.9635
Zeta Midcap Fund,2020-02-20,125.2323
Zeta Midcap Fund,2020-02-21,124.7129
Zeta Midcap Fund,2020-02-22,124.2734
Zeta Midcap Fund,2020-02-23,124.3658
Zeta Midcap Fund,2020-02-24,124.6557
Zeta Midcap Fund,2020-02-25,125.2377
Zeta Midcap Fund,2020-02-26,125.0639
Zeta Midcap Fund,2020-02-27,124.4823
Zeta Midcap Fund,2020-02-28,124.572
Zeta Midcap Fund,2020-02-29,124.2691
Zeta Midcap Fund,2020-03-01,123.9144
Zeta Midcap Fund,2020-03-02,124.4926
Zeta Midcap Fund,2020-03-03,124.7551
Zeta Midcap Fund,2020-03-04,124.4789
Zeta Midcap Fund,2020-03-05,124.4864
Zeta Midcap Fund,2020-03-06,124.4671
Zeta Midcap Fund,2020-03-07,124.5482
Zeta Midcap Fund,2020-03-08,124.4008
Zeta Midcap Fund,2020-03-09,123.6558
Zeta Midcap Fund,2020-03-10,123.2802
Zeta Midcap Fund,2020-03-11,123.0824
Zeta Midcap Fund,2020-03-12,123.1087
Zeta Midcap Fund,2020-03-13,122.6908
Zeta Midcap Fund,2020-03-14,122.7803
Zeta Midcap Fund,2020-03-15,122.6428
Lambda Value Fund,2019-01-01,119.7112
Lambda Value Fund,2019-01-02,119.2181
Lambda Value Fund,2019-01-03,119.4117
Lambda Value Fund,2019-01-04,119.5964
Lambda Value Fund,2019-01-05,119.9315
Lambda Value Fund,2019-01-06,120.1662
Lambda Value Fund,2019-01-07,120.4309
Lambda Value Fund,2019-01-08,120.5987
Lambda Value Fund,2019-01-09,119.9103
Lambda Value Fund,2019-01-10,119.8137
Lambda Value Fund,2019-01-11,119.2557
Lambda Value Fund,2019-01-12,119.8184
Lambda Value Fund,2019-01-13,119.8278
Lambda Value Fund,2019-01-14,120.3507
Lambda Value Fund,2019-01-15,119.9536
Lambda Value Fund,2019-01-16,119.9318
Lambda Value Fund,2019-01-17,120.0522
Lambda Value Fund,2019-01-18,119.9348
Lambda Value Fund,2019-01-19,120.0249
Lambda Value Fund,2019-01-20,120.6328
Lambda Value Fund,2019-01-21,120.235
Lambda Value Fund,2019-01-22,119.1949
Lambda Value Fund,2019-01-23,119.8501
Lambda Value Fund,2019-01-24,119.5484
Lambda Value Fund,2019-01-25,120.0124
Lambda Value Fund,2019-01-26,120.2882
Lambda Value Fund,2019-01-27,120.2165
Lambda Value Fund,2019-01-28,120.3837
Lambda Value Fund,2019-01-29,119.9425
Lambda Value Fund,2019-01-30,119.9918
Lambda Value Fund,2019-01-31,120.2444
Lambda Value Fund,2019-02-01,119.9497
Lambda Value Fund,2019-02-02,119.8126
Lambda Value Fund,2019-02-03,119.9526
Lambda Value Fund,2019-02-04,120.4969
Lambda Value Fund,2019-02-05,120.5107
Lambda Value Fund,2019-02-06,120.3534
Lambda Value Fund,2019-02-07,120.3098
Lambda Value Fund,2019-02-08,120.7889
Lambda Value Fund,2019-02-09,120.5473
Lambda Value Fund,2019-02-10,120.4422
Lambda Value Fund,2019-02-11,120.2043
Lambda Value Fund,2019-02-12,120.1376
Lambda Value Fund,2019-02-13,120.2381
Lambda Value Fund,2019-02-14,120.6666
Lambda Value Fund,2019-02-15,119.8318
Lambda Value Fund,2019-02-16,120.069
Lambda Value Fund,2019-02-17,119.7273
Lambda Value Fund,2019-02-18,119.9796
Lambda Value Fund,2019-02-19,120.4904
Lambda Value Fund,2019-02-20,120.9037
Lambda Value Fund,2019-02-21,120.9818
Lambda Value Fund,2019-02-22,121.3306
Lambda Value Fund,2019-02-23,120.9683
Lambda Value Fund,2019-02-24,120.9562
Lambda Value Fund,2019-02-25,121.5789
Lambda Value Fund,2019-02-26,121.2782
Lambda Value Fund,2019-02-27,121.3722
Lambda Value Fund,2019-02-28,121.2395
Lambda Value Fund,2019-03-01,121.1764
Lambda Value Fund,2019-03-02,121.3539
Lambda Value Fund,2019-03-03,121.2611
Lambda Value Fund,2019-03-04,121.2747
Lambda Value Fund,2019-03-05,121.0879
Lambda Value Fund,2019-03-06,120.3728
Lambda Value Fund,2019-03-07,120.4651
Lambda Value Fund,2019-03-08,120.6559
Lambda Value Fund,2019-03-09,121.2237
Lambda Value Fund,2019-03-10,121.186
Lambda Value Fund,2019-03-11,120.6431
Lambda Value Fund,2019-03-12,120.3565
Lambda Value Fund,2019-03-13,120.5877
Lambda Value Fund,2019-03-14,120.5689
Lambda Value Fund,2019-03-15,120.6956
Lambda Value Fund,2019-03-16,120.5693
Lambda Value Fund,2019-03-17,121.3323
Lambda Value Fund,2019-03-18,122.0385
Lambda Value Fund,2019-03-19,121.6808
Lambda Value Fund,2019-03-20,122.0594
Lambda Value Fund,2019-03-21,122.1961
Lambda Value Fund,2019-03-22,122.2165
Lambda Value Fund,2019-03-23,121.8876
Lambda Value Fund,2019-03-24,122.5512
Lambda Value Fund,2019-03-25,123.0323
Lambda Value Fund,2019-03-26,122.4645
Lambda Value Fund,2019-03-27,123.0329
Lambda Value Fund,2019-03-28,123.0325
Lambda Value Fund,2019-03-29,122.8084
Lambda Value Fund,2019-03-30,122.4328
Lambda Value Fund,2019-03-31,122.8257
Lambda Value Fund,2019-04-01,123.0007
Lambda Value Fund,2019-04-02,122.666
Lambda Value Fund,2019-04-03,122.3566
Lambda Value Fund,2019-04-04,122.2166
Lambda Value Fund,2019-04-05,122.0266
Lambda Value Fund,2019-04-06,122.2527
Lambda Value Fund,2019-04-07,122.4192
Lambda Value Fund,2019-04-08,122.1799
Lambda Value Fund,2019-04-09,121.5319
Lambda Value Fund,2019-04-10,121.0133
Lambda Value Fund,2019-04-11,121.3763
Lambda Value Fund,2019-04-12,120.9934
Lambda Value Fund,2019-04-13,121.0529
Lambda Value Fund,2019-04-14,120.3626
Lambda Value Fund,2019-04-15,120.5364
Lambda Value Fund,2019-04-16,121.3192
Lambda Value Fund,2019-04-17,120.803
Lambda Value Fund,2019-04-18,121.0379
Lambda Value Fund,2019-04-19,121.1619
Lambda Value Fund,2019-04-20,121.544
Lambda Value Fund,2019-04-21,121.5065
Lambda Value Fund,2019-04-22,121.6306
Lambda Value Fund,2019-04-23,121.7184
Lambda Value Fund,2019-04-24,121.9626
Lambda Value Fund,2019-04-25,121.6419
Lambda Value Fund,2019-04-26,121.7339
Lambda Value Fund,2019-04-27,122.073
Lambda Value Fund,2019-04-28,122.5552
Lambda Value Fund,2019-04-29,122.7685
Lambda Value Fund,2019-04-30,122.3307
Lambda Value Fund,2019-05-01,121.7243
Lambda Value Fund,2019-05-02,121.9028
Lambda Value Fund,2019-05-03,121.5131
Lambda Value Fund,2019-05-04,121.8658
Lambda Value Fund,2019-05-05,121.7657
Lambda Value Fund,2019-05-06,122.1854
Lambda Value Fund,2019-05-07,123.0507
Lambda Value Fund,2019-05-08,123.0408
Lambda Value Fund,2019-05-09,123.0094
Lambda Value Fund,2019-05-10,123.4298
Lambda Value Fund,2019-05-11,123.8703
Lambda Value Fund,2019-05-12,124.566
Lambda Value Fund,2019-05-13,124.6596
Lambda Value Fund,2019-05-14,124.4215
Lambda Value Fund,2019-05-15,124.4395
Lambda Value Fund,2019-05-16,124.2051
Lambda Value Fund,2019-05-17,124.316
Lambda Value Fund,2019-05-18,123.9837
Lambda Value Fund,2019-05-19,124.3595
Lambda Value Fund,2019-05-20,124.6535
Lambda Value Fund,2019-05-21,124.7241
Lambda Value Fund,2019-05-22,124.7494
Lambda Value Fund,2019-05-23,124.6858
Lambda Value Fund,2019-05-24,125.2257
Lambda Value Fund,2019-05-25,125.7157
Lambda Value Fund,2019-05-26,125.7889
Lambda Value Fund,2019-05-27,125.4613
Lambda Value Fund,2019-05-28,125.0055
Lambda Value Fund,2019-05-29,125.1356
Lambda Value Fund,2019-05-30,124.8954
Lambda Value Fund,2019-05-31,125.1007
Lambda Value Fund,2019-06-01,124.9611
Lambda Value Fund,2019-06-02,125.2856
Lambda Value Fund,2019-06-03,125.3835
Lambda Value Fund,2019-06-04,125.7977
Lambda Value Fund,2019-06-05,124.9192
Lambda Value Fund,2019-06-06,124.8434
Lambda Value Fund,2019-06-07,125.7451
Lambda Value Fund,2019-06-08,124.7588
Lambda Value Fund,2019-06-09,125.1109
Lambda Value Fund,2019-06-10,125.2931
Lambda Value Fund,2019-06-11,125.8224
Lambda Value Fund,2019-06-12,125.7679
Lambda Value Fund,2019-06-13,126.2591
Lambda Value Fund,2019-06-14,126.7608
Lambda Value Fund,2019-06-15,126.8545
Lambda Value Fund,2019-06-16,126.4039
Lambda Value Fund,2019-06-17,126.7841
Lambda Value Fund,2019-06-18,126.4098
Lambda Value Fund,2019-06-19,126.3698
Lambda Value Fund,2019-06-20,126.7636
Lambda Value Fund,2019-06-21,127.2154
Lambda Value Fund,2019-06-22,127.0912
Lambda Value Fund,2019-06-23,127.357
Lambda Value Fund,2019-06-24,126.755
Lambda Value Fund,2019-06-25,126.581
Lambda Value Fund,2019-06-26,127.1836
Lambda Value Fund,2019-06-27,127.736
Lambda Value Fund,2019-06-28,128.0186
Lambda Value Fund,2019-06-29,127.9769
Lambda Value Fund,2019-06-30,128.3308
Lambda Value Fund,2019-07-01,128.3365
Lambda Value Fund,2019-07-02,128.4188
Lambda Value Fund,2019-07-03,128.4692
Lambda Value Fund,2019-07-04,128.174
Lambda Value Fund,2019-07-05,128.4793
Lambda Value Fund,2019-07-06,128.0664
Lambda Value Fund,2019-07-07,128.3917
Lambda Value Fund,2019-07-08,128.0225
Lambda Value Fund,2019-07-09,127.7486
Lambda Value Fund,2019-07-10,126.6273
Lambda Value Fund,2019-07-11,126.5799
Lambda Value Fund,2019-07-12,126.6705
Lambda Value Fund,2019-07-13,127.0164
Lambda Value Fund,2019-07-14,127.5557
Lambda Value Fund,2019-07-15,126.9746
Lambda Value Fund,2019-07-16,127.3836
Lambda Value Fund,2019-07-17,127.2129
Lambda Value Fund,2019-07-18,127.1991
Lambda Value Fund,2019-07-19,127.172
Lambda Value Fund,2019-07-20,127.0072
Lambda Value Fund,2019-07-21,126.6662
Lambda Value Fund,2019-07-22,126.7929
Lambda Value Fund,2019-07-23,127.1324
Lambda Value Fund,2019-07-24,126.6435
Lambda Value Fund,2019-07-25,126.6507
Lambda Value Fund,2019-07-26,126.4141
Lambda Value Fund,2019-07-27,126.8675
Lambda Value Fund,2019-07-28,127.0799
Lambda Value Fund,2019-07-29,127.6984
Lambda Value Fund,2019-07-30,127.0939
Lambda Value Fund,2019-07-31,127.5225
Lambda Value Fund,2019-08-01,127.6026
Lambda Value Fund,2019-08-02,127.3275
Lambda Value Fund,2019-08-03,127.5382
Lambda Value Fund,2019-08-04,128.1796
Lambda Value Fund,2019-08-05,128.8365
Lambda Value Fund,2019-08-06,129.1804
Lambda Value Fund,2019-08-07,128.7987
Lambda Value Fund,2019-08-08,128.9377
Lambda Value Fund,2019-08-09,129.0896
Lambda Value Fund,2019-08-10,129.6014
Lambda Value Fund,2019-08-11,129.5505
Lambda Value Fund,2019-08-12,129.5717
Lambda Value Fund,2019-08-13,129.3253
Lambda Value Fund,2019-08-14,129.6076
Lambda Value Fund,2019-08-15,129.5364
Lambda Value Fund,2019-08-16,129.6258
Lambda Value Fund,2019-08-17,129.453
Lambda Value Fund,2019-08-18,129.4869
Lambda Value Fund,2019-08-19,129.0697
Lambda Value Fund,2019-08-20,129.149
Lambda Value Fund,2019-08-21,128.923
Lambda Value Fund,2019-08-22,129.2177
Lambda Value Fund,2019-08-23,129.9717
Lambda Value Fund,2019-08-24,130.325
Lambda Value Fund,2019-08-25,129.892
Lambda Value Fund,2019-08-26,129.7633
Lambda Value Fund,2019-08-27,129.1344
Lambda Value Fund,2019-08-28,129.1549
Lambda Value Fund,2019-08-29,128.4602
Lambda Value Fund,2019-08-30,127.9946
Lambda Value Fund,2019-08-31,128.4481
Lambda Value Fund,2019-09-01,128.8075
Lambda Value Fund,2019-09-02,128.2144
Lambda Value Fund,2019-09-03,128.0504
Lambda Value Fund,2019-09-04,128.2508
Lambda Value Fund,2019-09-05,128.4228
Lambda Value Fund,2019-09-06,127.787
Lambda Value Fund,2019-09-07,127.906
Lambda Value Fund,2019-09-08,127.6778
Lambda Value Fund,2019-09-09,128.1723
Lambda Value Fund,2019-09-10,128.1072
Lambda Value Fund,2019-09-11,128.2659
Lambda Value Fund,2019-09-12,128.2373
Lambda Value Fund,2019-09-13,128.5189
Lambda Value Fund,2019-09-14,128.2266
Lambda Value Fund,2019-09-15,128.5089
Lambda Value Fund,2019-09-16,129.0075
Lambda Value Fund,2019-09-17,129.7567
Lambda Value Fund,2019-09-18,130.4053
Lambda Value Fund,2019-09-19,130.2058
Lambda Value Fund,2019-09-20,130.4517
Lambda Value Fund,2019-09-21,130.7897
Lambda Value Fund,2019-09-22,131.0407
Lambda Value Fund,2019-09-23,131.3571
Lambda Value Fund,2019-09-24,131.5416
Lambda Value Fund,2019-09-25,131.3385
Lambda Value Fund,2019-09-26,131.4364
Lambda Value Fund,2019-09-27,131.7901
Lambda Value Fund,2019-09-28,131.9897
Lambda Value Fund,2019-09-29,131.5662
Lambda Value Fund,2019-09-30,131.2302
Lambda Value Fund,2019-10-01,131.0815
Lambda Value Fund,2019-10-02,131.0145
Lambda Value Fund,2019-10-03,131.0924
Lambda Value Fund,2019-10-04,130.7166
Lambda Value Fund,2019-10-05,131.0496
Lambda Value Fund,2019-10-06,130.3216
Lambda Value Fund,2019-10-07,130.548
Lambda Value Fund,2019-10-08,130.7657
Lambda Value Fund,2019-10-09,131.0383
Lambda Value Fund,2019-10-10,129.8265
Lambda Value Fund,2019-10-11,129.3018
Lambda Value Fund,2019-10-12,129.1757
Lambda Value Fund,2019-10-13,129.258
Lambda Value Fund,2019-10-14,129.2405
Lambda Value Fund,2019-10-15,128.93
Lambda Value Fund,2019-10-16,129.4582
Lambda Value Fund,2019-10-17,129.6028
Lambda Value Fund,2019-10-18,129.4599
Lambda Value Fund,2019-10-19,129.0799
Lambda Value Fund,2019-10-20,129.1222
Lambda Value Fund,2019-10-21,129.6406
Lambda Value Fund,2019-10-22,129.6697
Lambda Value Fund,2019-10-23,129.6719
Lambda Value Fund,2019-10-24,129.7134
Lambda Value Fund,2019-10-25,129.7766
Lambda Value Fund,2019-10-26,129.6984
Lambda Value Fund,2019-10-27,129.3242
Lambda Value Fund,2019-10-28,129.9508
Lambda Value Fund,2019-10-29,130.2208
Lambda Value Fund,2019-10-30,131.0827
Lambda Value Fund,2019-10-31,131.2967
Lambda Value Fund,2019-11-01,131.2192
Lambda Value Fund,2019-11-02,130.8559
Lambda Value Fund,2019-11-03,130.7389
Lambda Value Fund,2019-11-04,130.2927
Lambda Value Fund,2019-11-05,131.1468
Lambda Value Fund,2019-11-06,131.155
Lambda Value Fund,2019-11-07,131.4844
Lambda Value Fund,2019-11-08,131.8842
Lambda Value Fund,2019-11-09,132.3316
Lambda Value Fund,2019-11-10,133.3657
Lambda Value Fund,2019-11-11,133.3426
Lambda Value Fund,2019-11-12,133.2848
Lambda Value Fund,2019-11-13,133.3656
Lambda Value Fund,2019-11-14,133.68
Lambda Value Fund,2019-11-15,133.7666
Lambda Value Fund,2019-11-16,133.674
Lambda Value Fund,2019-11-17,133.4027
Lambda Value Fund,2019-11-18,133.1079
Lambda Value Fund,2019-11-19,133.2307
Lambda Value Fund,2019-11-20,132.8462
Lambda Value Fund,2019-11-21,132.1356
Lambda Value Fund,2019-11-22,132.1966
Lambda Value Fund,2019-11-23,132.6767
Lambda Value Fund,2019-11-24,132.9564
Lambda Value Fund,2019-11-25,132.9643
Lambda Value Fund,2019-11-26,133.1405
Lambda Value Fund,2019-11-27,132.4966
Lambda Value Fund,2019-11-28,132.2358
Lambda Value Fund,2019-11-29,132.922
Lambda Value Fund,2019-11-30,133.4106
Lambda Value Fund,2019-12-01,133.141
Lambda Value Fund,2019-12-02,133.8577
Lambda Value Fund,2019-12-03,133.5856
Lambda Value Fund,2019-12-04,133.2713
Lambda Value Fund,2019-12-05,133.9007
Lambda Value Fund,2019-12-06,134.4388
Lambda Value Fund,2019-12-07,134.2183
Lambda Value Fund,2019-12-08,134.2137
Lambda Value Fund,2019-12-09,134.092
Lambda Value Fund,2019-12-10,134.3087
Lambda Value Fund,2019-12-11,134.9506
Lambda Value Fund,2019-12-12,135.1785
Lambda Value Fund,2019-12-13,135.1479
Lambda Value Fund,2019-12-14,134.6244
Lambda Value Fund,2019-12-15,134.9506
Lambda Value Fund,2019-12-16,134.4764
Lambda Value Fund,2019-12-17,134.4166
Lambda Value Fund,2019-12-18,134.8149
Lambda Value Fund,2019-12-19,135.1544
Lambda Value Fund,2019-12-20,135.5048
Lambda Value Fund,2019-12-21,135.7994
Lambda Value Fund,2019-12-22,135.8728
Lambda Value Fund,2019-12-23,136.0086
Lambda Value Fund,2019-12-24,136.0604
Lambda Value Fund,2019-12-25,136.2685
Lambda Value Fund,2019-12-26,136.4976
Lambda Value Fund,2019-12-27,136.5659
Lambda Value Fund,2019-12-28,136.7864
Lambda Value Fund,2019-12-29,136.5275
Lambda Value Fund,2019-12-30,136.4197
Lambda Value Fund,2019-12-31,136.5269
Lambda Value Fund,2020-01-01,137.3113
Lambda Value Fund,2020-01-02,137.5379
Lambda Value Fund,2020-01-03,137.499
Lambda Value Fund,2020-01-04,137.4259
Lambda Value Fund,2020-01-05,137.7386
Lambda Value Fund,2020-01-06,137.7147
Lambda Value Fund,2020-01-07,137.9846
Lambda Value Fund,2020-01-08,138.2043
Lambda Value Fund,2020-01-09,137.7209
Lambda Value Fund,2020-01-10,137.925
Lambda Value Fund,2020-01-11,138.1262
Lambda Value Fund,2020-01-12,138.4599
Lambda Value Fund,2020-01-13,138.1401
Lambda Value Fund,2020-01-14,138.5927
Lambda Value Fund,2020-01-15,138.541
Lambda Value Fund,2020-01-16,139.3513
Lambda Value Fund,2020-01-17,140.0673
Lambda Value Fund,2020-01-18,139.839
Lambda Value Fund,2020-01-19,139.3064
Lambda Value Fund,2020-01-20,139.6002
Lambda Value Fund,2020-01-21,139.2873
Lambda Value Fund,2020-01-22,139.7613
Lambda Value Fund,2020-01-23,139.9882
Lambda Value Fund,2020-01-24,139.4218
Lambda Value Fund,2020-01-25,139.7496
Lambda Value Fund,2020-01-26,139.8195
Lambda Value Fund,2020-01-27,139.9993
Lambda Value Fund,2020-01-28,140.624
Lambda Value Fund,2020-01-29,140.587
Lambda Value Fund,2020-01-30,140.9052
Lambda Value Fund,2020-01-31,140.6808
Lambda Value Fund,2020-02-01,140.4663
Lambda Value Fund,2020-02-02,140.3941
Lambda Value Fund,2020-02-03,140.1609
Lambda Value Fund,2020-02-04,140.4031
Lambda Value Fund,2020-02-05,139.8887
Lambda Value Fund,2020-02-06,140.2355
Lambda Value Fund,2020-02-07,139.9459
Lambda Value Fund,2020-02-08,140.112
Lambda Value Fund,2020-02-09,139.652
Lambda Value Fund,2020-02-10,139.8581
Lambda Value Fund,2020-02-11,140.3067
Lambda Value Fund,2020-02-12,140.3256
Lambda Value Fund,2020-02-13,140.9601
Lambda Value Fund,2020-02-14,140.9191
Lambda Value Fund,2020-02-15,141.0987
Lambda Value Fund,2020-02-16,140.7435
Lambda Value Fund,2020-02-17,140.9338
Lambda Value Fund,2020-02-18,140.7216
Lambda Value Fund,2020-02-19,140.4484
Lambda Value Fund,2020-02-20,141.0955
Lambda Value Fund,2020-02-21,140.6024
Lambda Value Fund,2020-02-22,140.5715
Lambda Value Fund,2020-02-23,140.8716
Lambda Value Fund,2020-02-24,140.9802
Lambda Value Fund,2020-02-25,140.2563
Lambda Value Fund,2020-02-26,140.5129
Lambda Value Fund,2020-02-27,139.9763
Lambda Value Fund,2020-02-28,139.814
Lambda Value Fund,2020-02-29,139.7313
Lambda Value Fund,2020-03-01,138.5782
Lambda Value Fund,2020-03-02,138.5509
Lambda Value Fund,2020-03-03,138.8322
Lambda Value Fund,2020-03-04,138.7792
Lambda Value Fund,2020-03-05,138.8682
Lambda Value Fund,2020-03-06,139.7879
Lambda Value Fund,2020-03-07,140.2531
Lambda Value Fund,2020-03-08,140.2918
Lambda Value Fund,2020-03-09,141.3416
Lambda Value Fund,2020-03-10,141.1021
Lambda Value Fund,2020-03-11,141.3249
Lambda Value Fund,2020-03-12,140.7093
Lambda Value Fund,2020-03-13,140.8836
Lambda Value Fund,2020-03-14,140.8541
Lambda Value Fund,2020-03-15,140.8934
